Average.clustering.coefficient,Diameter..longest.shortest.path.,Edges.in.largest.SCC,Edges.in.largest.WCC,Fraction.of.closed.triangles,Nodes.in.largest.SCC,Nodes.in.largest.WCC,Number.of.triangles,X90.percentile.effective.diameter,algorithm,classif,dataset,nedges,nthreads,nvertices,package,runtime
0.49700000000000005,11.0,0.9840000000000001,0.9840000000000001,0.03015,0.9179999999999999,0.9179999999999999,727044.0,4.8,0.0,bad,30.0,183831.0,2.0,36692.0,1.0,0.0141875
0.49700000000000005,11.0,0.9840000000000001,0.9840000000000001,0.03015,0.9179999999999999,0.9179999999999999,727044.0,4.8,0.0,bad,30.0,183831.0,2.0,36692.0,0.0,0.000619063
0.49700000000000005,11.0,0.9840000000000001,0.9840000000000001,0.03015,0.9179999999999999,0.9179999999999999,727044.0,4.8,0.0,bad,30.0,183831.0,2.0,36692.0,4.0,0.001913344
0.6055,8.0,1.0,1.0,0.2647,1.0,1.0,1612010.0,4.7,0.0,bad,31.0,88234.0,1.0,4039.0,1.0,0.007375
0.6055,8.0,1.0,1.0,0.2647,1.0,1.0,1612010.0,4.7,0.0,bad,31.0,88234.0,1.0,4039.0,0.0,0.00012906299999999998
0.6055,8.0,1.0,1.0,0.2647,1.0,1.0,1612010.0,4.7,0.0,bad,31.0,88234.0,1.0,4039.0,4.0,0.000424406
0.6055,8.0,1.0,1.0,0.2647,1.0,1.0,1612010.0,4.7,0.0,bad,33.0,88234.0,2.0,4039.0,3.0,0.004415665
0.6055,8.0,1.0,1.0,0.2647,1.0,1.0,1612010.0,4.7,0.0,bad,36.0,88234.0,4.0,4039.0,0.0,0.0002625
0.6055,8.0,1.0,1.0,0.2647,1.0,1.0,1612010.0,4.7,0.0,bad,36.0,88234.0,4.0,4039.0,3.0,0.004162144
0.6055,8.0,1.0,1.0,0.2647,1.0,1.0,1612010.0,4.7,0.0,bad,36.0,88234.0,4.0,4039.0,4.0,0.000424875
0.6055,8.0,1.0,1.0,0.2647,1.0,1.0,1612010.0,4.7,0.0,bad,40.0,88234.0,8.0,4039.0,0.0,0.000315625
0.6055,8.0,1.0,1.0,0.2647,1.0,1.0,1612010.0,4.7,0.0,bad,40.0,88234.0,8.0,4039.0,3.0,0.004405814
0.6055,8.0,1.0,1.0,0.2647,1.0,1.0,1612010.0,4.7,0.0,bad,40.0,88234.0,8.0,4039.0,4.0,0.00046331300000000003
0.6055,8.0,1.0,1.0,0.2647,1.0,1.0,1612010.0,4.7,0.0,bad,32.0,88234.0,16.0,4039.0,0.0,0.00049
0.6055,8.0,1.0,1.0,0.2647,1.0,1.0,1612010.0,4.7,0.0,bad,32.0,88234.0,16.0,4039.0,3.0,0.004210889000000001
0.6055,8.0,1.0,1.0,0.2647,1.0,1.0,1612010.0,4.7,0.0,bad,32.0,88234.0,16.0,4039.0,4.0,0.00055775
0.6055,8.0,1.0,1.0,0.2647,1.0,1.0,1612010.0,4.7,0.0,bad,34.0,88234.0,24.0,4039.0,0.0,0.00068375
0.6055,8.0,1.0,1.0,0.2647,1.0,1.0,1612010.0,4.7,0.0,bad,34.0,88234.0,24.0,4039.0,3.0,0.004169415
0.6055,8.0,1.0,1.0,0.2647,1.0,1.0,1612010.0,4.7,0.0,bad,34.0,88234.0,24.0,4039.0,4.0,0.000724125
0.6055,8.0,1.0,1.0,0.2647,1.0,1.0,1612010.0,4.7,0.0,bad,35.0,88234.0,32.0,4039.0,0.0,0.0014925000000000001
0.6055,8.0,1.0,1.0,0.2647,1.0,1.0,1612010.0,4.7,0.0,bad,35.0,88234.0,32.0,4039.0,3.0,0.004564563
0.6055,8.0,1.0,1.0,0.2647,1.0,1.0,1612010.0,4.7,0.0,bad,35.0,88234.0,32.0,4039.0,4.0,0.014748938
0.6055,8.0,1.0,1.0,0.2647,1.0,1.0,1612010.0,4.7,0.0,bad,37.0,88234.0,40.0,4039.0,0.0,0.0018100000000000002
0.6055,8.0,1.0,1.0,0.2647,1.0,1.0,1612010.0,4.7,0.0,bad,37.0,88234.0,40.0,4039.0,3.0,0.004678713
0.6055,8.0,1.0,1.0,0.2647,1.0,1.0,1612010.0,4.7,0.0,bad,37.0,88234.0,40.0,4039.0,4.0,0.001558375
0.6055,8.0,1.0,1.0,0.2647,1.0,1.0,1612010.0,4.7,0.0,bad,38.0,88234.0,48.0,4039.0,0.0,0.002131875
0.6055,8.0,1.0,1.0,0.2647,1.0,1.0,1612010.0,4.7,0.0,bad,38.0,88234.0,48.0,4039.0,3.0,0.004508914
0.6055,8.0,1.0,1.0,0.2647,1.0,1.0,1612010.0,4.7,0.0,bad,38.0,88234.0,48.0,4039.0,4.0,0.0039175
0.6055,8.0,1.0,1.0,0.2647,1.0,1.0,1612010.0,4.7,0.0,bad,39.0,88234.0,56.0,4039.0,0.0,0.00253875
0.6055,8.0,1.0,1.0,0.2647,1.0,1.0,1612010.0,4.7,0.0,bad,39.0,88234.0,56.0,4039.0,3.0,0.004617808
0.6055,8.0,1.0,1.0,0.2647,1.0,1.0,1612010.0,4.7,0.0,bad,39.0,88234.0,56.0,4039.0,4.0,0.004629875
0.0757,22.0,0.0,1.0,0.02343,0.0,0.997,7515023.0,9.4,0.0,bad,10.0,16518948.0,1.0,3774768.0,0.0,0.303444375
0.0757,22.0,0.0,1.0,0.02343,0.0,0.997,7515023.0,9.4,0.0,bad,10.0,16518948.0,1.0,3774768.0,4.0,0.9431889999999999
0.0757,22.0,0.0,1.0,0.02343,0.0,0.997,7515023.0,9.4,0.0,bad,12.0,16518948.0,2.0,3774768.0,0.0,0.18048375
0.0757,22.0,0.0,1.0,0.02343,0.0,0.997,7515023.0,9.4,0.0,bad,12.0,16518948.0,2.0,3774768.0,4.0,0.690440688
0.0757,22.0,0.0,1.0,0.02343,0.0,0.997,7515023.0,9.4,0.0,bad,15.0,16518948.0,4.0,3774768.0,0.0,0.0956
0.0757,22.0,0.0,1.0,0.02343,0.0,0.997,7515023.0,9.4,0.0,bad,15.0,16518948.0,4.0,3774768.0,4.0,0.45378425
0.0757,22.0,0.0,1.0,0.02343,0.0,0.997,7515023.0,9.4,0.0,bad,19.0,16518948.0,8.0,3774768.0,0.0,0.052659375
0.0757,22.0,0.0,1.0,0.02343,0.0,0.997,7515023.0,9.4,0.0,bad,19.0,16518948.0,8.0,3774768.0,4.0,0.303933438
0.0757,22.0,0.0,1.0,0.02343,0.0,0.997,7515023.0,9.4,0.0,bad,11.0,16518948.0,16.0,3774768.0,0.0,0.03177375
0.0757,22.0,0.0,1.0,0.02343,0.0,0.997,7515023.0,9.4,0.0,bad,11.0,16518948.0,16.0,3774768.0,4.0,0.187505938
0.0757,22.0,0.0,1.0,0.02343,0.0,0.997,7515023.0,9.4,0.0,bad,13.0,16518948.0,24.0,3774768.0,0.0,0.02696
0.0757,22.0,0.0,1.0,0.02343,0.0,0.997,7515023.0,9.4,0.0,bad,13.0,16518948.0,24.0,3774768.0,4.0,0.15071475
0.0757,22.0,0.0,1.0,0.02343,0.0,0.997,7515023.0,9.4,0.0,bad,14.0,16518948.0,32.0,3774768.0,0.0,0.02877625
0.0757,22.0,0.0,1.0,0.02343,0.0,0.997,7515023.0,9.4,0.0,bad,14.0,16518948.0,32.0,3774768.0,4.0,0.268262188
0.0757,22.0,0.0,1.0,0.02343,0.0,0.997,7515023.0,9.4,0.0,bad,16.0,16518948.0,40.0,3774768.0,0.0,0.028775
0.0757,22.0,0.0,1.0,0.02343,0.0,0.997,7515023.0,9.4,0.0,bad,16.0,16518948.0,40.0,3774768.0,4.0,0.304813125
0.0757,22.0,0.0,1.0,0.02343,0.0,0.997,7515023.0,9.4,0.0,bad,17.0,16518948.0,48.0,3774768.0,0.0,0.029416875
0.0757,22.0,0.0,1.0,0.02343,0.0,0.997,7515023.0,9.4,0.0,bad,17.0,16518948.0,48.0,3774768.0,4.0,0.45161
0.0757,22.0,0.0,1.0,0.02343,0.0,0.997,7515023.0,9.4,0.0,bad,18.0,16518948.0,56.0,3774768.0,0.0,0.030075
0.0757,22.0,0.0,1.0,0.02343,0.0,0.997,7515023.0,9.4,0.0,bad,18.0,16518948.0,56.0,3774768.0,4.0,0.45156825
0.5967,514.0,0.595,0.987,0.002746,0.489,0.956,64690980.0,9.9,0.0,bad,187.0,7600595.0,1.0,685230.0,0.0,0.03368
0.5967,514.0,0.595,0.987,0.002746,0.489,0.956,64690980.0,9.9,0.0,bad,187.0,7600595.0,1.0,685230.0,4.0,0.18047950000000001
0.5967,514.0,0.595,0.987,0.002746,0.489,0.956,64690980.0,9.9,0.0,bad,189.0,7600595.0,2.0,685230.0,0.0,0.020029375
0.5967,514.0,0.595,0.987,0.002746,0.489,0.956,64690980.0,9.9,0.0,bad,189.0,7600595.0,2.0,685230.0,4.0,0.122304875
0.5967,514.0,0.595,0.987,0.002746,0.489,0.956,64690980.0,9.9,0.0,bad,192.0,7600595.0,4.0,685230.0,0.0,0.0118075
0.5967,514.0,0.595,0.987,0.002746,0.489,0.956,64690980.0,9.9,0.0,bad,192.0,7600595.0,4.0,685230.0,4.0,0.076406438
0.5967,514.0,0.595,0.987,0.002746,0.489,0.956,64690980.0,9.9,0.0,bad,196.0,7600595.0,8.0,685230.0,0.0,0.008010625
0.5967,514.0,0.595,0.987,0.002746,0.489,0.956,64690980.0,9.9,0.0,bad,196.0,7600595.0,8.0,685230.0,4.0,0.058754562999999996
0.5967,514.0,0.595,0.987,0.002746,0.489,0.956,64690980.0,9.9,0.0,bad,188.0,7600595.0,16.0,685230.0,4.0,0.0480485
0.5967,514.0,0.595,0.987,0.002746,0.489,0.956,64690980.0,9.9,0.0,bad,190.0,7600595.0,24.0,685230.0,0.0,0.00800125
0.5967,514.0,0.595,0.987,0.002746,0.489,0.956,64690980.0,9.9,0.0,bad,190.0,7600595.0,24.0,685230.0,4.0,0.04407025
0.5967,514.0,0.595,0.987,0.002746,0.489,0.956,64690980.0,9.9,0.0,bad,191.0,7600595.0,32.0,685230.0,0.0,0.020565
0.5967,514.0,0.595,0.987,0.002746,0.489,0.956,64690980.0,9.9,0.0,bad,191.0,7600595.0,32.0,685230.0,4.0,0.053441063
0.5967,514.0,0.595,0.987,0.002746,0.489,0.956,64690980.0,9.9,0.0,bad,193.0,7600595.0,40.0,685230.0,0.0,0.02428625
0.5967,514.0,0.595,0.987,0.002746,0.489,0.956,64690980.0,9.9,0.0,bad,193.0,7600595.0,40.0,685230.0,4.0,0.082189375
0.5967,514.0,0.595,0.987,0.002746,0.489,0.956,64690980.0,9.9,0.0,bad,194.0,7600595.0,48.0,685230.0,0.0,0.027806875
0.5967,514.0,0.595,0.987,0.002746,0.489,0.956,64690980.0,9.9,0.0,bad,194.0,7600595.0,48.0,685230.0,4.0,0.07844881299999999
0.5967,514.0,0.595,0.987,0.002746,0.489,0.956,64690980.0,9.9,0.0,bad,195.0,7600595.0,56.0,685230.0,0.0,0.03290375
0.5967,514.0,0.595,0.987,0.002746,0.489,0.956,64690980.0,9.9,0.0,bad,195.0,7600595.0,56.0,685230.0,4.0,0.10826956300000001
0.78,12.0,0.998,0.998,0.06224,0.98,0.98,346813199.0,4.2,0.0,bad,0.0,15038083.0,1.0,382219.0,4.0,0.120804875
0.78,12.0,0.998,0.998,0.06224,0.98,0.98,346813199.0,4.2,0.0,bad,2.0,15038083.0,2.0,382219.0,4.0,0.066205
0.78,12.0,0.998,0.998,0.06224,0.98,0.98,346813199.0,4.2,0.0,bad,5.0,15038083.0,4.0,382219.0,4.0,0.03511675
0.78,12.0,0.998,0.998,0.06224,0.98,0.98,346813199.0,4.2,0.0,bad,9.0,15038083.0,8.0,382219.0,4.0,0.029999937999999997
0.78,12.0,0.998,0.998,0.06224,0.98,0.98,346813199.0,4.2,0.0,bad,1.0,15038083.0,16.0,382219.0,4.0,0.01544525
0.78,12.0,0.998,0.998,0.06224,0.98,0.98,346813199.0,4.2,0.0,bad,4.0,15038083.0,32.0,382219.0,4.0,0.042582062999999996
0.78,12.0,0.998,0.998,0.06224,0.98,0.98,346813199.0,4.2,0.0,bad,6.0,15038083.0,40.0,382219.0,4.0,0.06125775
0.78,12.0,0.998,0.998,0.06224,0.98,0.98,346813199.0,4.2,0.0,bad,7.0,15038083.0,48.0,382219.0,4.0,0.080481313
0.78,12.0,0.998,0.998,0.06224,0.98,0.98,346813199.0,4.2,0.0,bad,8.0,15038083.0,56.0,382219.0,4.0,0.110477375
0.047,1056.0,0.978,0.978,0.020909999999999998,0.9790000000000001,0.9790000000000001,82869.0,670.0,0.0,bad,177.0,1921660.0,1.0,1379917.0,1.0,0.0760625
0.047,1056.0,0.978,0.978,0.020909999999999998,0.9790000000000001,0.9790000000000001,82869.0,670.0,0.0,bad,177.0,1921660.0,1.0,1379917.0,0.0,0.07700499999999999
0.047,1056.0,0.978,0.978,0.020909999999999998,0.9790000000000001,0.9790000000000001,82869.0,670.0,0.0,bad,177.0,1921660.0,1.0,1379917.0,4.0,0.5305228129999999
0.047,1056.0,0.978,0.978,0.020909999999999998,0.9790000000000001,0.9790000000000001,82869.0,670.0,0.0,bad,179.0,1921660.0,2.0,1379917.0,1.0,0.0698125
0.047,1056.0,0.978,0.978,0.020909999999999998,0.9790000000000001,0.9790000000000001,82869.0,670.0,0.0,bad,179.0,1921660.0,2.0,1379917.0,0.0,0.072854375
0.047,1056.0,0.978,0.978,0.020909999999999998,0.9790000000000001,0.9790000000000001,82869.0,670.0,0.0,bad,179.0,1921660.0,2.0,1379917.0,4.0,0.38098775
0.047,1056.0,0.978,0.978,0.020909999999999998,0.9790000000000001,0.9790000000000001,82869.0,670.0,0.0,bad,182.0,1921660.0,4.0,1379917.0,1.0,0.07375
0.047,1056.0,0.978,0.978,0.020909999999999998,0.9790000000000001,0.9790000000000001,82869.0,670.0,0.0,bad,182.0,1921660.0,4.0,1379917.0,0.0,0.050628125
0.047,1056.0,0.978,0.978,0.020909999999999998,0.9790000000000001,0.9790000000000001,82869.0,670.0,0.0,bad,182.0,1921660.0,4.0,1379917.0,4.0,0.260173625
0.047,1056.0,0.978,0.978,0.020909999999999998,0.9790000000000001,0.9790000000000001,82869.0,670.0,0.0,bad,186.0,1921660.0,8.0,1379917.0,1.0,0.1024375
0.047,1056.0,0.978,0.978,0.020909999999999998,0.9790000000000001,0.9790000000000001,82869.0,670.0,0.0,bad,186.0,1921660.0,8.0,1379917.0,0.0,0.037420625
0.047,1056.0,0.978,0.978,0.020909999999999998,0.9790000000000001,0.9790000000000001,82869.0,670.0,0.0,bad,186.0,1921660.0,8.0,1379917.0,4.0,0.195128938
0.047,1056.0,0.978,0.978,0.020909999999999998,0.9790000000000001,0.9790000000000001,82869.0,670.0,0.0,bad,178.0,1921660.0,16.0,1379917.0,1.0,0.1739375
0.047,1056.0,0.978,0.978,0.020909999999999998,0.9790000000000001,0.9790000000000001,82869.0,670.0,0.0,bad,178.0,1921660.0,16.0,1379917.0,0.0,0.030955
0.047,1056.0,0.978,0.978,0.020909999999999998,0.9790000000000001,0.9790000000000001,82869.0,670.0,0.0,bad,178.0,1921660.0,16.0,1379917.0,4.0,0.14771375
0.047,1056.0,0.978,0.978,0.020909999999999998,0.9790000000000001,0.9790000000000001,82869.0,670.0,0.0,bad,180.0,1921660.0,24.0,1379917.0,1.0,0.2730625
0.047,1056.0,0.978,0.978,0.020909999999999998,0.9790000000000001,0.9790000000000001,82869.0,670.0,0.0,bad,180.0,1921660.0,24.0,1379917.0,0.0,0.03188875
0.047,1056.0,0.978,0.978,0.020909999999999998,0.9790000000000001,0.9790000000000001,82869.0,670.0,0.0,bad,180.0,1921660.0,24.0,1379917.0,4.0,0.13071125
0.047,1056.0,0.978,0.978,0.020909999999999998,0.9790000000000001,0.9790000000000001,82869.0,670.0,0.0,bad,181.0,1921660.0,32.0,1379917.0,1.0,0.3206875
0.047,1056.0,0.978,0.978,0.020909999999999998,0.9790000000000001,0.9790000000000001,82869.0,670.0,0.0,bad,181.0,1921660.0,32.0,1379917.0,0.0,0.19861375
0.047,1056.0,0.978,0.978,0.020909999999999998,0.9790000000000001,0.9790000000000001,82869.0,670.0,0.0,bad,181.0,1921660.0,32.0,1379917.0,4.0,0.149761688
0.047,1056.0,0.978,0.978,0.020909999999999998,0.9790000000000001,0.9790000000000001,82869.0,670.0,0.0,bad,183.0,1921660.0,40.0,1379917.0,1.0,0.3108125
0.047,1056.0,0.978,0.978,0.020909999999999998,0.9790000000000001,0.9790000000000001,82869.0,670.0,0.0,bad,183.0,1921660.0,40.0,1379917.0,0.0,0.237756875
0.047,1056.0,0.978,0.978,0.020909999999999998,0.9790000000000001,0.9790000000000001,82869.0,670.0,0.0,bad,183.0,1921660.0,40.0,1379917.0,4.0,0.2409505
0.047,1056.0,0.978,0.978,0.020909999999999998,0.9790000000000001,0.9790000000000001,82869.0,670.0,0.0,bad,184.0,1921660.0,48.0,1379917.0,1.0,0.3144375
0.047,1056.0,0.978,0.978,0.020909999999999998,0.9790000000000001,0.9790000000000001,82869.0,670.0,0.0,bad,184.0,1921660.0,48.0,1379917.0,0.0,0.2829475
0.047,1056.0,0.978,0.978,0.020909999999999998,0.9790000000000001,0.9790000000000001,82869.0,670.0,0.0,bad,184.0,1921660.0,48.0,1379917.0,4.0,0.269991375
0.047,1056.0,0.978,0.978,0.020909999999999998,0.9790000000000001,0.9790000000000001,82869.0,670.0,0.0,bad,185.0,1921660.0,56.0,1379917.0,1.0,0.314625
0.047,1056.0,0.978,0.978,0.020909999999999998,0.9790000000000001,0.9790000000000001,82869.0,670.0,0.0,bad,185.0,1921660.0,56.0,1379917.0,0.0,0.3466575
0.047,1056.0,0.978,0.978,0.020909999999999998,0.9790000000000001,0.9790000000000001,82869.0,670.0,0.0,bad,185.0,1921660.0,56.0,1379917.0,4.0,0.289715063
0.0957,7.0,1.0,1.0,0.013219999999999999,0.9990000000000001,0.9990000000000001,423625371.0,3.6,0.0,bad,41.0,16777216.0,1.0,1048576.0,1.0,0.40700000000000003
0.0957,7.0,1.0,1.0,0.013219999999999999,0.9990000000000001,0.9990000000000001,423625371.0,3.6,0.0,bad,41.0,16777216.0,1.0,1048576.0,0.0,0.046804000000000005
0.0957,7.0,1.0,1.0,0.013219999999999999,0.9990000000000001,0.9990000000000001,423625371.0,3.6,0.0,bad,41.0,16777216.0,1.0,1048576.0,3.0,0.47297338299999997
0.0957,7.0,1.0,1.0,0.013219999999999999,0.9990000000000001,0.9990000000000001,423625371.0,3.6,0.0,bad,41.0,16777216.0,1.0,1048576.0,4.0,0.2729296
0.0957,7.0,1.0,1.0,0.013219999999999999,0.9990000000000001,0.9990000000000001,423625371.0,3.6,0.0,bad,43.0,16777216.0,1.0,1048576.0,3.0,2.52535
0.0957,7.0,1.0,1.0,0.013219999999999999,0.9990000000000001,0.9990000000000001,423625371.0,3.6,0.0,bad,45.0,16777216.0,1.0,1048576.0,1.0,0.40399999999999997
0.0957,7.0,1.0,1.0,0.013219999999999999,0.9990000000000001,0.9990000000000001,423625371.0,3.6,0.0,bad,45.0,16777216.0,1.0,1048576.0,0.0,0.043226
0.0957,7.0,1.0,1.0,0.013219999999999999,0.9990000000000001,0.9990000000000001,423625371.0,3.6,0.0,bad,45.0,16777216.0,1.0,1048576.0,3.0,0.491010003
0.0957,7.0,1.0,1.0,0.013219999999999999,0.9990000000000001,0.9990000000000001,423625371.0,3.6,0.0,bad,45.0,16777216.0,1.0,1048576.0,4.0,0.27333359999999995
0.0957,7.0,1.0,1.0,0.013219999999999999,0.9990000000000001,0.9990000000000001,423625371.0,3.6,0.0,bad,47.0,16777216.0,1.0,1048576.0,1.0,0.40299999999999997
0.0957,7.0,1.0,1.0,0.013219999999999999,0.9990000000000001,0.9990000000000001,423625371.0,3.6,0.0,bad,47.0,16777216.0,1.0,1048576.0,0.0,0.042589999999999996
0.0957,7.0,1.0,1.0,0.013219999999999999,0.9990000000000001,0.9990000000000001,423625371.0,3.6,0.0,bad,47.0,16777216.0,1.0,1048576.0,3.0,0.46165176399999996
0.0957,7.0,1.0,1.0,0.013219999999999999,0.9990000000000001,0.9990000000000001,423625371.0,3.6,0.0,bad,47.0,16777216.0,1.0,1048576.0,4.0,0.2704046
0.0957,7.0,1.0,1.0,0.013219999999999999,0.9990000000000001,0.9990000000000001,423625371.0,3.6,0.0,bad,49.0,16777216.0,1.0,1048576.0,1.0,0.408
0.0957,7.0,1.0,1.0,0.013219999999999999,0.9990000000000001,0.9990000000000001,423625371.0,3.6,0.0,bad,49.0,16777216.0,1.0,1048576.0,0.0,0.05609600000000001
0.0957,7.0,1.0,1.0,0.013219999999999999,0.9990000000000001,0.9990000000000001,423625371.0,3.6,0.0,bad,49.0,16777216.0,1.0,1048576.0,3.0,0.47057181200000003
0.0957,7.0,1.0,1.0,0.013219999999999999,0.9990000000000001,0.9990000000000001,423625371.0,3.6,0.0,bad,49.0,16777216.0,1.0,1048576.0,4.0,0.27286679999999996
0.0957,7.0,1.0,1.0,0.013219999999999999,0.9990000000000001,0.9990000000000001,423625371.0,3.6,0.0,bad,51.0,16777216.0,1.0,1048576.0,3.0,2.35249
0.0957,7.0,1.0,1.0,0.013219999999999999,0.9990000000000001,0.9990000000000001,423625371.0,3.6,0.0,bad,53.0,16777216.0,1.0,1048576.0,1.0,0.401
0.0957,7.0,1.0,1.0,0.013219999999999999,0.9990000000000001,0.9990000000000001,423625371.0,3.6,0.0,bad,53.0,16777216.0,1.0,1048576.0,0.0,0.064538
0.0957,7.0,1.0,1.0,0.013219999999999999,0.9990000000000001,0.9990000000000001,423625371.0,3.6,0.0,bad,53.0,16777216.0,1.0,1048576.0,3.0,0.477945526
0.0957,7.0,1.0,1.0,0.013219999999999999,0.9990000000000001,0.9990000000000001,423625371.0,3.6,0.0,bad,53.0,16777216.0,1.0,1048576.0,4.0,0.3088136
0.0957,7.0,1.0,1.0,0.013219999999999999,0.9990000000000001,0.9990000000000001,423625371.0,3.6,0.0,bad,55.0,16777216.0,1.0,1048576.0,1.0,0.401
0.0957,7.0,1.0,1.0,0.013219999999999999,0.9990000000000001,0.9990000000000001,423625371.0,3.6,0.0,bad,55.0,16777216.0,1.0,1048576.0,0.0,0.060126
0.0957,7.0,1.0,1.0,0.013219999999999999,0.9990000000000001,0.9990000000000001,423625371.0,3.6,0.0,bad,55.0,16777216.0,1.0,1048576.0,3.0,0.47571971700000004
0.0957,7.0,1.0,1.0,0.013219999999999999,0.9990000000000001,0.9990000000000001,423625371.0,3.6,0.0,bad,55.0,16777216.0,1.0,1048576.0,4.0,0.2707456
0.0957,7.0,1.0,1.0,0.013219999999999999,0.9990000000000001,0.9990000000000001,423625371.0,3.6,0.0,bad,57.0,16777216.0,1.0,1048576.0,1.0,0.40700000000000003
0.0957,7.0,1.0,1.0,0.013219999999999999,0.9990000000000001,0.9990000000000001,423625371.0,3.6,0.0,bad,57.0,16777216.0,1.0,1048576.0,0.0,0.04228
0.0957,7.0,1.0,1.0,0.013219999999999999,0.9990000000000001,0.9990000000000001,423625371.0,3.6,0.0,bad,57.0,16777216.0,1.0,1048576.0,3.0,0.473260003
0.0957,7.0,1.0,1.0,0.013219999999999999,0.9990000000000001,0.9990000000000001,423625371.0,3.6,0.0,bad,57.0,16777216.0,1.0,1048576.0,4.0,0.2708196
0.0957,7.0,1.0,1.0,0.013219999999999999,0.9990000000000001,0.9990000000000001,423625371.0,3.6,0.0,bad,59.0,16777216.0,1.0,1048576.0,1.0,0.40299999999999997
0.0957,7.0,1.0,1.0,0.013219999999999999,0.9990000000000001,0.9990000000000001,423625371.0,3.6,0.0,bad,59.0,16777216.0,1.0,1048576.0,0.0,0.030924
0.0957,7.0,1.0,1.0,0.013219999999999999,0.9990000000000001,0.9990000000000001,423625371.0,3.6,0.0,bad,59.0,16777216.0,1.0,1048576.0,3.0,0.47294162100000003
0.0957,7.0,1.0,1.0,0.013219999999999999,0.9990000000000001,0.9990000000000001,423625371.0,3.6,0.0,bad,59.0,16777216.0,1.0,1048576.0,4.0,0.27156420000000003
0.0957,7.0,1.0,1.0,0.013219999999999999,0.9990000000000001,0.9990000000000001,423625371.0,3.6,0.0,bad,61.0,16777216.0,1.0,1048576.0,1.0,0.406
0.0957,7.0,1.0,1.0,0.013219999999999999,0.9990000000000001,0.9990000000000001,423625371.0,3.6,0.0,bad,61.0,16777216.0,1.0,1048576.0,0.0,0.049114
0.0957,7.0,1.0,1.0,0.013219999999999999,0.9990000000000001,0.9990000000000001,423625371.0,3.6,0.0,bad,61.0,16777216.0,1.0,1048576.0,3.0,0.474029574
0.0957,7.0,1.0,1.0,0.013219999999999999,0.9990000000000001,0.9990000000000001,423625371.0,3.6,0.0,bad,61.0,16777216.0,1.0,1048576.0,4.0,0.2720964
0.0957,7.0,1.0,1.0,0.013219999999999999,0.9990000000000001,0.9990000000000001,423625371.0,3.6,0.0,bad,63.0,16777216.0,1.0,1048576.0,1.0,0.406
0.0957,7.0,1.0,1.0,0.013219999999999999,0.9990000000000001,0.9990000000000001,423625371.0,3.6,0.0,bad,63.0,16777216.0,1.0,1048576.0,0.0,0.04502
0.0957,7.0,1.0,1.0,0.013219999999999999,0.9990000000000001,0.9990000000000001,423625371.0,3.6,0.0,bad,63.0,16777216.0,1.0,1048576.0,3.0,0.47578981200000003
0.0957,7.0,1.0,1.0,0.013219999999999999,0.9990000000000001,0.9990000000000001,423625371.0,3.6,0.0,bad,63.0,16777216.0,1.0,1048576.0,4.0,0.3181422
0.0957,7.0,1.0,1.0,0.013219999999999999,0.9990000000000001,0.9990000000000001,423625371.0,3.6,0.0,bad,65.0,16777216.0,1.0,1048576.0,1.0,0.408
0.0957,7.0,1.0,1.0,0.013219999999999999,0.9990000000000001,0.9990000000000001,423625371.0,3.6,0.0,bad,65.0,16777216.0,1.0,1048576.0,0.0,0.041257999999999996
0.0957,7.0,1.0,1.0,0.013219999999999999,0.9990000000000001,0.9990000000000001,423625371.0,3.6,0.0,bad,65.0,16777216.0,1.0,1048576.0,3.0,0.47558986
0.0957,7.0,1.0,1.0,0.013219999999999999,0.9990000000000001,0.9990000000000001,423625371.0,3.6,0.0,bad,65.0,16777216.0,1.0,1048576.0,4.0,0.27276940000000005
0.0957,7.0,1.0,1.0,0.013219999999999999,0.9990000000000001,0.9990000000000001,423625371.0,3.6,0.0,bad,69.0,16777216.0,1.0,1048576.0,1.0,0.4
0.0957,7.0,1.0,1.0,0.013219999999999999,0.9990000000000001,0.9990000000000001,423625371.0,3.6,0.0,bad,69.0,16777216.0,1.0,1048576.0,0.0,0.043014
0.0957,7.0,1.0,1.0,0.013219999999999999,0.9990000000000001,0.9990000000000001,423625371.0,3.6,0.0,bad,69.0,16777216.0,1.0,1048576.0,3.0,0.478445621
0.0957,7.0,1.0,1.0,0.013219999999999999,0.9990000000000001,0.9990000000000001,423625371.0,3.6,0.0,bad,69.0,16777216.0,1.0,1048576.0,4.0,0.2711554
0.0957,7.0,1.0,1.0,0.013219999999999999,0.9990000000000001,0.9990000000000001,423625371.0,3.6,0.0,bad,71.0,16777216.0,1.0,1048576.0,1.0,0.401
0.0957,7.0,1.0,1.0,0.013219999999999999,0.9990000000000001,0.9990000000000001,423625371.0,3.6,0.0,bad,71.0,16777216.0,1.0,1048576.0,0.0,0.041074
0.0957,7.0,1.0,1.0,0.013219999999999999,0.9990000000000001,0.9990000000000001,423625371.0,3.6,0.0,bad,71.0,16777216.0,1.0,1048576.0,3.0,0.496317812
0.0957,7.0,1.0,1.0,0.013219999999999999,0.9990000000000001,0.9990000000000001,423625371.0,3.6,0.0,bad,71.0,16777216.0,1.0,1048576.0,4.0,0.2726552
0.0957,7.0,1.0,1.0,0.013219999999999999,0.9990000000000001,0.9990000000000001,423625371.0,3.6,0.0,bad,73.0,16777216.0,1.0,1048576.0,1.0,0.39899999999999997
0.0957,7.0,1.0,1.0,0.013219999999999999,0.9990000000000001,0.9990000000000001,423625371.0,3.6,0.0,bad,73.0,16777216.0,1.0,1048576.0,0.0,0.042938
0.0957,7.0,1.0,1.0,0.013219999999999999,0.9990000000000001,0.9990000000000001,423625371.0,3.6,0.0,bad,73.0,16777216.0,1.0,1048576.0,3.0,0.47464190700000003
0.0957,7.0,1.0,1.0,0.013219999999999999,0.9990000000000001,0.9990000000000001,423625371.0,3.6,0.0,bad,73.0,16777216.0,1.0,1048576.0,4.0,0.2710474
0.0957,7.0,1.0,1.0,0.013219999999999999,0.9990000000000001,0.9990000000000001,423625371.0,3.6,0.0,bad,75.0,16777216.0,1.0,1048576.0,1.0,0.413
0.0957,7.0,1.0,1.0,0.013219999999999999,0.9990000000000001,0.9990000000000001,423625371.0,3.6,0.0,bad,75.0,16777216.0,1.0,1048576.0,0.0,0.056284
0.0957,7.0,1.0,1.0,0.013219999999999999,0.9990000000000001,0.9990000000000001,423625371.0,3.6,0.0,bad,75.0,16777216.0,1.0,1048576.0,3.0,0.474619621
0.0957,7.0,1.0,1.0,0.013219999999999999,0.9990000000000001,0.9990000000000001,423625371.0,3.6,0.0,bad,75.0,16777216.0,1.0,1048576.0,4.0,0.272809
0.0957,7.0,1.0,1.0,0.013219999999999999,0.9990000000000001,0.9990000000000001,423625371.0,3.6,0.0,bad,77.0,16777216.0,1.0,1048576.0,1.0,0.39899999999999997
0.0957,7.0,1.0,1.0,0.013219999999999999,0.9990000000000001,0.9990000000000001,423625371.0,3.6,0.0,bad,77.0,16777216.0,1.0,1048576.0,0.0,0.041288
0.0957,7.0,1.0,1.0,0.013219999999999999,0.9990000000000001,0.9990000000000001,423625371.0,3.6,0.0,bad,77.0,16777216.0,1.0,1048576.0,3.0,0.47303576399999997
0.0957,7.0,1.0,1.0,0.013219999999999999,0.9990000000000001,0.9990000000000001,423625371.0,3.6,0.0,bad,77.0,16777216.0,1.0,1048576.0,4.0,0.2704442
0.0957,7.0,1.0,1.0,0.013219999999999999,0.9990000000000001,0.9990000000000001,423625371.0,3.6,0.0,bad,79.0,16777216.0,1.0,1048576.0,1.0,0.401
0.0957,7.0,1.0,1.0,0.013219999999999999,0.9990000000000001,0.9990000000000001,423625371.0,3.6,0.0,bad,79.0,16777216.0,1.0,1048576.0,0.0,0.040238
0.0957,7.0,1.0,1.0,0.013219999999999999,0.9990000000000001,0.9990000000000001,423625371.0,3.6,0.0,bad,79.0,16777216.0,1.0,1048576.0,3.0,0.47646138299999996
0.0957,7.0,1.0,1.0,0.013219999999999999,0.9990000000000001,0.9990000000000001,423625371.0,3.6,0.0,bad,79.0,16777216.0,1.0,1048576.0,4.0,0.27296020000000004
0.0957,7.0,1.0,1.0,0.013219999999999999,0.9990000000000001,0.9990000000000001,423625371.0,3.6,0.0,bad,81.0,16777216.0,1.0,1048576.0,1.0,0.405
0.0957,7.0,1.0,1.0,0.013219999999999999,0.9990000000000001,0.9990000000000001,423625371.0,3.6,0.0,bad,81.0,16777216.0,1.0,1048576.0,0.0,0.047377999999999997
0.0957,7.0,1.0,1.0,0.013219999999999999,0.9990000000000001,0.9990000000000001,423625371.0,3.6,0.0,bad,81.0,16777216.0,1.0,1048576.0,3.0,0.7823182409999999
0.0957,7.0,1.0,1.0,0.013219999999999999,0.9990000000000001,0.9990000000000001,423625371.0,3.6,0.0,bad,81.0,16777216.0,1.0,1048576.0,4.0,0.27068559999999997
0.0957,7.0,1.0,1.0,0.013219999999999999,0.9990000000000001,0.9990000000000001,423625371.0,3.6,0.0,bad,83.0,16777216.0,1.0,1048576.0,1.0,0.4
0.0957,7.0,1.0,1.0,0.013219999999999999,0.9990000000000001,0.9990000000000001,423625371.0,3.6,0.0,bad,83.0,16777216.0,1.0,1048576.0,0.0,0.040494
0.0957,7.0,1.0,1.0,0.013219999999999999,0.9990000000000001,0.9990000000000001,423625371.0,3.6,0.0,bad,83.0,16777216.0,1.0,1048576.0,3.0,0.472685621
0.0957,7.0,1.0,1.0,0.013219999999999999,0.9990000000000001,0.9990000000000001,423625371.0,3.6,0.0,bad,83.0,16777216.0,1.0,1048576.0,4.0,0.2715552
0.0957,7.0,1.0,1.0,0.013219999999999999,0.9990000000000001,0.9990000000000001,423625371.0,3.6,0.0,bad,85.0,16777216.0,1.0,1048576.0,3.0,2.36344
0.0957,7.0,1.0,1.0,0.013219999999999999,0.9990000000000001,0.9990000000000001,423625371.0,3.6,0.0,bad,87.0,16777216.0,1.0,1048576.0,1.0,0.401
0.0957,7.0,1.0,1.0,0.013219999999999999,0.9990000000000001,0.9990000000000001,423625371.0,3.6,0.0,bad,87.0,16777216.0,1.0,1048576.0,0.0,0.045254
0.0957,7.0,1.0,1.0,0.013219999999999999,0.9990000000000001,0.9990000000000001,423625371.0,3.6,0.0,bad,87.0,16777216.0,1.0,1048576.0,3.0,0.472139431
0.0957,7.0,1.0,1.0,0.013219999999999999,0.9990000000000001,0.9990000000000001,423625371.0,3.6,0.0,bad,87.0,16777216.0,1.0,1048576.0,4.0,0.26972379999999996
0.0957,7.0,1.0,1.0,0.013219999999999999,0.9990000000000001,0.9990000000000001,423625371.0,3.6,0.0,bad,89.0,16777216.0,1.0,1048576.0,1.0,0.405
0.0957,7.0,1.0,1.0,0.013219999999999999,0.9990000000000001,0.9990000000000001,423625371.0,3.6,0.0,bad,89.0,16777216.0,1.0,1048576.0,0.0,0.0411
0.0957,7.0,1.0,1.0,0.013219999999999999,0.9990000000000001,0.9990000000000001,423625371.0,3.6,0.0,bad,89.0,16777216.0,1.0,1048576.0,3.0,0.7452842409999999
0.0957,7.0,1.0,1.0,0.013219999999999999,0.9990000000000001,0.9990000000000001,423625371.0,3.6,0.0,bad,89.0,16777216.0,1.0,1048576.0,4.0,0.2729994
0.0957,7.0,1.0,1.0,0.013219999999999999,0.9990000000000001,0.9990000000000001,423625371.0,3.6,0.0,bad,91.0,16777216.0,1.0,1048576.0,1.0,0.40299999999999997
0.0957,7.0,1.0,1.0,0.013219999999999999,0.9990000000000001,0.9990000000000001,423625371.0,3.6,0.0,bad,91.0,16777216.0,1.0,1048576.0,0.0,0.042372
0.0957,7.0,1.0,1.0,0.013219999999999999,0.9990000000000001,0.9990000000000001,423625371.0,3.6,0.0,bad,91.0,16777216.0,1.0,1048576.0,3.0,0.476821812
0.0957,7.0,1.0,1.0,0.013219999999999999,0.9990000000000001,0.9990000000000001,423625371.0,3.6,0.0,bad,91.0,16777216.0,1.0,1048576.0,4.0,0.2687564
0.0957,7.0,1.0,1.0,0.013219999999999999,0.9990000000000001,0.9990000000000001,423625371.0,3.6,0.0,bad,93.0,16777216.0,1.0,1048576.0,1.0,0.405
0.0957,7.0,1.0,1.0,0.013219999999999999,0.9990000000000001,0.9990000000000001,423625371.0,3.6,0.0,bad,93.0,16777216.0,1.0,1048576.0,0.0,0.047292
0.0957,7.0,1.0,1.0,0.013219999999999999,0.9990000000000001,0.9990000000000001,423625371.0,3.6,0.0,bad,93.0,16777216.0,1.0,1048576.0,3.0,0.473227812
0.0957,7.0,1.0,1.0,0.013219999999999999,0.9990000000000001,0.9990000000000001,423625371.0,3.6,0.0,bad,93.0,16777216.0,1.0,1048576.0,4.0,0.2711402
0.0957,7.0,1.0,1.0,0.013219999999999999,0.9990000000000001,0.9990000000000001,423625371.0,3.6,0.0,bad,95.0,16777216.0,1.0,1048576.0,1.0,0.401
0.0957,7.0,1.0,1.0,0.013219999999999999,0.9990000000000001,0.9990000000000001,423625371.0,3.6,0.0,bad,95.0,16777216.0,1.0,1048576.0,0.0,0.059458000000000004
0.0957,7.0,1.0,1.0,0.013219999999999999,0.9990000000000001,0.9990000000000001,423625371.0,3.6,0.0,bad,95.0,16777216.0,1.0,1048576.0,3.0,0.47496781200000004
0.0957,7.0,1.0,1.0,0.013219999999999999,0.9990000000000001,0.9990000000000001,423625371.0,3.6,0.0,bad,95.0,16777216.0,1.0,1048576.0,4.0,0.2715028
0.0957,7.0,1.0,1.0,0.013219999999999999,0.9990000000000001,0.9990000000000001,423625371.0,3.6,0.0,bad,99.0,16777216.0,1.0,1048576.0,1.0,0.39799999999999996
0.0957,7.0,1.0,1.0,0.013219999999999999,0.9990000000000001,0.9990000000000001,423625371.0,3.6,0.0,bad,99.0,16777216.0,1.0,1048576.0,0.0,0.045514
0.0957,7.0,1.0,1.0,0.013219999999999999,0.9990000000000001,0.9990000000000001,423625371.0,3.6,0.0,bad,99.0,16777216.0,1.0,1048576.0,3.0,0.47980386
0.0957,7.0,1.0,1.0,0.013219999999999999,0.9990000000000001,0.9990000000000001,423625371.0,3.6,0.0,bad,99.0,16777216.0,1.0,1048576.0,4.0,0.27303679999999997
0.0957,7.0,1.0,1.0,0.013219999999999999,0.9990000000000001,0.9990000000000001,423625371.0,3.6,0.0,bad,101.0,16777216.0,1.0,1048576.0,1.0,0.40299999999999997
0.0957,7.0,1.0,1.0,0.013219999999999999,0.9990000000000001,0.9990000000000001,423625371.0,3.6,0.0,bad,101.0,16777216.0,1.0,1048576.0,0.0,0.053852
0.0957,7.0,1.0,1.0,0.013219999999999999,0.9990000000000001,0.9990000000000001,423625371.0,3.6,0.0,bad,101.0,16777216.0,1.0,1048576.0,3.0,0.46681947799999995
0.0957,7.0,1.0,1.0,0.013219999999999999,0.9990000000000001,0.9990000000000001,423625371.0,3.6,0.0,bad,101.0,16777216.0,1.0,1048576.0,4.0,0.2717128
0.0957,7.0,1.0,1.0,0.013219999999999999,0.9990000000000001,0.9990000000000001,423625371.0,3.6,0.0,bad,103.0,16777216.0,1.0,1048576.0,1.0,0.406
0.0957,7.0,1.0,1.0,0.013219999999999999,0.9990000000000001,0.9990000000000001,423625371.0,3.6,0.0,bad,103.0,16777216.0,1.0,1048576.0,0.0,0.053798
0.0957,7.0,1.0,1.0,0.013219999999999999,0.9990000000000001,0.9990000000000001,423625371.0,3.6,0.0,bad,103.0,16777216.0,1.0,1048576.0,3.0,0.518663812
0.0957,7.0,1.0,1.0,0.013219999999999999,0.9990000000000001,0.9990000000000001,423625371.0,3.6,0.0,bad,103.0,16777216.0,1.0,1048576.0,4.0,0.27259859999999997
0.0957,7.0,1.0,1.0,0.013219999999999999,0.9990000000000001,0.9990000000000001,423625371.0,3.6,0.0,bad,105.0,16777216.0,1.0,1048576.0,1.0,0.4
0.0957,7.0,1.0,1.0,0.013219999999999999,0.9990000000000001,0.9990000000000001,423625371.0,3.6,0.0,bad,105.0,16777216.0,1.0,1048576.0,0.0,0.041596
0.0957,7.0,1.0,1.0,0.013219999999999999,0.9990000000000001,0.9990000000000001,423625371.0,3.6,0.0,bad,105.0,16777216.0,1.0,1048576.0,3.0,0.7513236209999999
0.0957,7.0,1.0,1.0,0.013219999999999999,0.9990000000000001,0.9990000000000001,423625371.0,3.6,0.0,bad,105.0,16777216.0,1.0,1048576.0,4.0,0.2855888
0.0957,7.0,1.0,1.0,0.013219999999999999,0.9990000000000001,0.9990000000000001,423625371.0,3.6,0.0,bad,107.0,16777216.0,1.0,1048576.0,1.0,0.402
0.0957,7.0,1.0,1.0,0.013219999999999999,0.9990000000000001,0.9990000000000001,423625371.0,3.6,0.0,bad,107.0,16777216.0,1.0,1048576.0,0.0,0.05317
0.0957,7.0,1.0,1.0,0.013219999999999999,0.9990000000000001,0.9990000000000001,423625371.0,3.6,0.0,bad,107.0,16777216.0,1.0,1048576.0,3.0,0.465649669
0.0957,7.0,1.0,1.0,0.013219999999999999,0.9990000000000001,0.9990000000000001,423625371.0,3.6,0.0,bad,107.0,16777216.0,1.0,1048576.0,4.0,0.2705804
0.0957,7.0,1.0,1.0,0.013219999999999999,0.9990000000000001,0.9990000000000001,423625371.0,3.6,0.0,bad,109.0,16777216.0,1.0,1048576.0,1.0,0.402
0.0957,7.0,1.0,1.0,0.013219999999999999,0.9990000000000001,0.9990000000000001,423625371.0,3.6,0.0,bad,109.0,16777216.0,1.0,1048576.0,0.0,0.040986
0.0957,7.0,1.0,1.0,0.013219999999999999,0.9990000000000001,0.9990000000000001,423625371.0,3.6,0.0,bad,109.0,16777216.0,1.0,1048576.0,3.0,0.52291186
0.0957,7.0,1.0,1.0,0.013219999999999999,0.9990000000000001,0.9990000000000001,423625371.0,3.6,0.0,bad,109.0,16777216.0,1.0,1048576.0,4.0,0.27238979999999996
0.0957,7.0,1.0,1.0,0.013219999999999999,0.9990000000000001,0.9990000000000001,423625371.0,3.6,0.0,bad,111.0,16777216.0,1.0,1048576.0,1.0,0.40399999999999997
0.0957,7.0,1.0,1.0,0.013219999999999999,0.9990000000000001,0.9990000000000001,423625371.0,3.6,0.0,bad,111.0,16777216.0,1.0,1048576.0,0.0,0.062153999999999994
0.0957,7.0,1.0,1.0,0.013219999999999999,0.9990000000000001,0.9990000000000001,423625371.0,3.6,0.0,bad,111.0,16777216.0,1.0,1048576.0,3.0,0.470611955
0.0957,7.0,1.0,1.0,0.013219999999999999,0.9990000000000001,0.9990000000000001,423625371.0,3.6,0.0,bad,111.0,16777216.0,1.0,1048576.0,4.0,0.2726188
0.0957,7.0,1.0,1.0,0.013219999999999999,0.9990000000000001,0.9990000000000001,423625371.0,3.6,0.0,bad,113.0,16777216.0,1.0,1048576.0,1.0,0.402
0.0957,7.0,1.0,1.0,0.013219999999999999,0.9990000000000001,0.9990000000000001,423625371.0,3.6,0.0,bad,113.0,16777216.0,1.0,1048576.0,0.0,0.049612
0.0957,7.0,1.0,1.0,0.013219999999999999,0.9990000000000001,0.9990000000000001,423625371.0,3.6,0.0,bad,113.0,16777216.0,1.0,1048576.0,3.0,0.47491976399999997
0.0957,7.0,1.0,1.0,0.013219999999999999,0.9990000000000001,0.9990000000000001,423625371.0,3.6,0.0,bad,113.0,16777216.0,1.0,1048576.0,4.0,0.269899
0.0957,7.0,1.0,1.0,0.013219999999999999,0.9990000000000001,0.9990000000000001,423625371.0,3.6,0.0,bad,115.0,16777216.0,1.0,1048576.0,1.0,0.405
0.0957,7.0,1.0,1.0,0.013219999999999999,0.9990000000000001,0.9990000000000001,423625371.0,3.6,0.0,bad,115.0,16777216.0,1.0,1048576.0,0.0,0.046388
0.0957,7.0,1.0,1.0,0.013219999999999999,0.9990000000000001,0.9990000000000001,423625371.0,3.6,0.0,bad,115.0,16777216.0,1.0,1048576.0,3.0,0.47358381200000005
0.0957,7.0,1.0,1.0,0.013219999999999999,0.9990000000000001,0.9990000000000001,423625371.0,3.6,0.0,bad,115.0,16777216.0,1.0,1048576.0,4.0,0.2716054
0.0957,7.0,1.0,1.0,0.013219999999999999,0.9990000000000001,0.9990000000000001,423625371.0,3.6,0.0,bad,117.0,16777216.0,1.0,1048576.0,1.0,0.401
0.0957,7.0,1.0,1.0,0.013219999999999999,0.9990000000000001,0.9990000000000001,423625371.0,3.6,0.0,bad,117.0,16777216.0,1.0,1048576.0,0.0,0.04695
0.0957,7.0,1.0,1.0,0.013219999999999999,0.9990000000000001,0.9990000000000001,423625371.0,3.6,0.0,bad,117.0,16777216.0,1.0,1048576.0,3.0,0.477211764
0.0957,7.0,1.0,1.0,0.013219999999999999,0.9990000000000001,0.9990000000000001,423625371.0,3.6,0.0,bad,117.0,16777216.0,1.0,1048576.0,4.0,0.2708184
0.0957,7.0,1.0,1.0,0.013219999999999999,0.9990000000000001,0.9990000000000001,423625371.0,3.6,0.0,bad,119.0,16777216.0,1.0,1048576.0,1.0,0.40399999999999997
0.0957,7.0,1.0,1.0,0.013219999999999999,0.9990000000000001,0.9990000000000001,423625371.0,3.6,0.0,bad,119.0,16777216.0,1.0,1048576.0,0.0,0.045
0.0957,7.0,1.0,1.0,0.013219999999999999,0.9990000000000001,0.9990000000000001,423625371.0,3.6,0.0,bad,119.0,16777216.0,1.0,1048576.0,3.0,0.48629000299999997
0.0957,7.0,1.0,1.0,0.013219999999999999,0.9990000000000001,0.9990000000000001,423625371.0,3.6,0.0,bad,119.0,16777216.0,1.0,1048576.0,4.0,0.2716254
0.0957,7.0,1.0,1.0,0.013219999999999999,0.9990000000000001,0.9990000000000001,423625371.0,3.6,0.0,bad,121.0,16777216.0,1.0,1048576.0,1.0,0.414
0.0957,7.0,1.0,1.0,0.013219999999999999,0.9990000000000001,0.9990000000000001,423625371.0,3.6,0.0,bad,121.0,16777216.0,1.0,1048576.0,0.0,0.0605
0.0957,7.0,1.0,1.0,0.013219999999999999,0.9990000000000001,0.9990000000000001,423625371.0,3.6,0.0,bad,121.0,16777216.0,1.0,1048576.0,3.0,0.5446236210000001
0.0957,7.0,1.0,1.0,0.013219999999999999,0.9990000000000001,0.9990000000000001,423625371.0,3.6,0.0,bad,121.0,16777216.0,1.0,1048576.0,4.0,0.2712172
0.0957,7.0,1.0,1.0,0.013219999999999999,0.9990000000000001,0.9990000000000001,423625371.0,3.6,0.0,bad,123.0,16777216.0,1.0,1048576.0,1.0,0.4
0.0957,7.0,1.0,1.0,0.013219999999999999,0.9990000000000001,0.9990000000000001,423625371.0,3.6,0.0,bad,123.0,16777216.0,1.0,1048576.0,0.0,0.06060599999999999
0.0957,7.0,1.0,1.0,0.013219999999999999,0.9990000000000001,0.9990000000000001,423625371.0,3.6,0.0,bad,123.0,16777216.0,1.0,1048576.0,3.0,0.47382962100000003
0.0957,7.0,1.0,1.0,0.013219999999999999,0.9990000000000001,0.9990000000000001,423625371.0,3.6,0.0,bad,123.0,16777216.0,1.0,1048576.0,4.0,0.32767040000000003
0.0957,7.0,1.0,1.0,0.013219999999999999,0.9990000000000001,0.9990000000000001,423625371.0,3.6,0.0,bad,125.0,16777216.0,1.0,1048576.0,1.0,0.401
0.0957,7.0,1.0,1.0,0.013219999999999999,0.9990000000000001,0.9990000000000001,423625371.0,3.6,0.0,bad,125.0,16777216.0,1.0,1048576.0,0.0,0.057378
0.0957,7.0,1.0,1.0,0.013219999999999999,0.9990000000000001,0.9990000000000001,423625371.0,3.6,0.0,bad,125.0,16777216.0,1.0,1048576.0,3.0,0.47529205
0.0957,7.0,1.0,1.0,0.013219999999999999,0.9990000000000001,0.9990000000000001,423625371.0,3.6,0.0,bad,125.0,16777216.0,1.0,1048576.0,4.0,0.2724078
0.0957,7.0,1.0,1.0,0.013219999999999999,0.9990000000000001,0.9990000000000001,423625371.0,3.6,0.0,bad,127.0,16777216.0,1.0,1048576.0,1.0,0.405
0.0957,7.0,1.0,1.0,0.013219999999999999,0.9990000000000001,0.9990000000000001,423625371.0,3.6,0.0,bad,127.0,16777216.0,1.0,1048576.0,0.0,0.047678
0.0957,7.0,1.0,1.0,0.013219999999999999,0.9990000000000001,0.9990000000000001,423625371.0,3.6,0.0,bad,127.0,16777216.0,1.0,1048576.0,3.0,0.472573764
0.0957,7.0,1.0,1.0,0.013219999999999999,0.9990000000000001,0.9990000000000001,423625371.0,3.6,0.0,bad,127.0,16777216.0,1.0,1048576.0,4.0,0.2716362
0.0957,7.0,1.0,1.0,0.013219999999999999,0.9990000000000001,0.9990000000000001,423625371.0,3.6,0.0,bad,129.0,16777216.0,1.0,1048576.0,1.0,0.39899999999999997
0.0957,7.0,1.0,1.0,0.013219999999999999,0.9990000000000001,0.9990000000000001,423625371.0,3.6,0.0,bad,129.0,16777216.0,1.0,1048576.0,0.0,0.04086
0.0957,7.0,1.0,1.0,0.013219999999999999,0.9990000000000001,0.9990000000000001,423625371.0,3.6,0.0,bad,129.0,16777216.0,1.0,1048576.0,3.0,0.46906600299999995
0.0957,7.0,1.0,1.0,0.013219999999999999,0.9990000000000001,0.9990000000000001,423625371.0,3.6,0.0,bad,129.0,16777216.0,1.0,1048576.0,4.0,0.2723164
0.0957,7.0,1.0,1.0,0.013219999999999999,0.9990000000000001,0.9990000000000001,423625371.0,3.6,0.0,bad,131.0,16777216.0,1.0,1048576.0,1.0,0.405
0.0957,7.0,1.0,1.0,0.013219999999999999,0.9990000000000001,0.9990000000000001,423625371.0,3.6,0.0,bad,131.0,16777216.0,1.0,1048576.0,0.0,0.04099
0.0957,7.0,1.0,1.0,0.013219999999999999,0.9990000000000001,0.9990000000000001,423625371.0,3.6,0.0,bad,131.0,16777216.0,1.0,1048576.0,3.0,0.472913621
0.0957,7.0,1.0,1.0,0.013219999999999999,0.9990000000000001,0.9990000000000001,423625371.0,3.6,0.0,bad,131.0,16777216.0,1.0,1048576.0,4.0,0.2721378
0.0957,7.0,1.0,1.0,0.013219999999999999,0.9990000000000001,0.9990000000000001,423625371.0,3.6,0.0,bad,133.0,16777216.0,1.0,1048576.0,1.0,0.401
0.0957,7.0,1.0,1.0,0.013219999999999999,0.9990000000000001,0.9990000000000001,423625371.0,3.6,0.0,bad,133.0,16777216.0,1.0,1048576.0,0.0,0.039876
0.0957,7.0,1.0,1.0,0.013219999999999999,0.9990000000000001,0.9990000000000001,423625371.0,3.6,0.0,bad,133.0,16777216.0,1.0,1048576.0,3.0,0.478071621
0.0957,7.0,1.0,1.0,0.013219999999999999,0.9990000000000001,0.9990000000000001,423625371.0,3.6,0.0,bad,133.0,16777216.0,1.0,1048576.0,4.0,0.28284879999999996
0.0957,7.0,1.0,1.0,0.013219999999999999,0.9990000000000001,0.9990000000000001,423625371.0,3.6,0.0,bad,135.0,16777216.0,1.0,1048576.0,1.0,0.4
0.0957,7.0,1.0,1.0,0.013219999999999999,0.9990000000000001,0.9990000000000001,423625371.0,3.6,0.0,bad,135.0,16777216.0,1.0,1048576.0,0.0,0.041222
0.0957,7.0,1.0,1.0,0.013219999999999999,0.9990000000000001,0.9990000000000001,423625371.0,3.6,0.0,bad,135.0,16777216.0,1.0,1048576.0,3.0,0.473723812
0.0957,7.0,1.0,1.0,0.013219999999999999,0.9990000000000001,0.9990000000000001,423625371.0,3.6,0.0,bad,135.0,16777216.0,1.0,1048576.0,4.0,0.270597
0.0957,7.0,1.0,1.0,0.013219999999999999,0.9990000000000001,0.9990000000000001,423625371.0,3.6,0.0,bad,137.0,16777216.0,1.0,1048576.0,1.0,0.40700000000000003
0.0957,7.0,1.0,1.0,0.013219999999999999,0.9990000000000001,0.9990000000000001,423625371.0,3.6,0.0,bad,137.0,16777216.0,1.0,1048576.0,0.0,0.033616
0.0957,7.0,1.0,1.0,0.013219999999999999,0.9990000000000001,0.9990000000000001,423625371.0,3.6,0.0,bad,137.0,16777216.0,1.0,1048576.0,3.0,0.47340381200000003
0.0957,7.0,1.0,1.0,0.013219999999999999,0.9990000000000001,0.9990000000000001,423625371.0,3.6,0.0,bad,137.0,16777216.0,1.0,1048576.0,4.0,0.27286740000000004
0.0957,7.0,1.0,1.0,0.013219999999999999,0.9990000000000001,0.9990000000000001,423625371.0,3.6,0.0,bad,139.0,16777216.0,1.0,1048576.0,1.0,0.397
0.0957,7.0,1.0,1.0,0.013219999999999999,0.9990000000000001,0.9990000000000001,423625371.0,3.6,0.0,bad,139.0,16777216.0,1.0,1048576.0,0.0,0.057372
0.0957,7.0,1.0,1.0,0.013219999999999999,0.9990000000000001,0.9990000000000001,423625371.0,3.6,0.0,bad,139.0,16777216.0,1.0,1048576.0,3.0,0.472725812
0.0957,7.0,1.0,1.0,0.013219999999999999,0.9990000000000001,0.9990000000000001,423625371.0,3.6,0.0,bad,139.0,16777216.0,1.0,1048576.0,4.0,0.2701894
0.0957,7.0,1.0,1.0,0.013219999999999999,0.9990000000000001,0.9990000000000001,423625371.0,3.6,0.0,bad,141.0,16777216.0,1.0,1048576.0,1.0,0.401
0.0957,7.0,1.0,1.0,0.013219999999999999,0.9990000000000001,0.9990000000000001,423625371.0,3.6,0.0,bad,141.0,16777216.0,1.0,1048576.0,0.0,0.050672
0.0957,7.0,1.0,1.0,0.013219999999999999,0.9990000000000001,0.9990000000000001,423625371.0,3.6,0.0,bad,141.0,16777216.0,1.0,1048576.0,3.0,0.470161955
0.0957,7.0,1.0,1.0,0.013219999999999999,0.9990000000000001,0.9990000000000001,423625371.0,3.6,0.0,bad,141.0,16777216.0,1.0,1048576.0,4.0,0.2718854
0.0957,7.0,1.0,1.0,0.013219999999999999,0.9990000000000001,0.9990000000000001,423625371.0,3.6,0.0,bad,143.0,16777216.0,1.0,1048576.0,1.0,0.401
0.0957,7.0,1.0,1.0,0.013219999999999999,0.9990000000000001,0.9990000000000001,423625371.0,3.6,0.0,bad,143.0,16777216.0,1.0,1048576.0,0.0,0.059618
0.0957,7.0,1.0,1.0,0.013219999999999999,0.9990000000000001,0.9990000000000001,423625371.0,3.6,0.0,bad,143.0,16777216.0,1.0,1048576.0,3.0,0.474631764
0.0957,7.0,1.0,1.0,0.013219999999999999,0.9990000000000001,0.9990000000000001,423625371.0,3.6,0.0,bad,143.0,16777216.0,1.0,1048576.0,4.0,0.2722522
0.0957,7.0,1.0,1.0,0.013219999999999999,0.9990000000000001,0.9990000000000001,423625371.0,3.6,0.0,bad,145.0,16777216.0,1.0,1048576.0,1.0,0.4
0.0957,7.0,1.0,1.0,0.013219999999999999,0.9990000000000001,0.9990000000000001,423625371.0,3.6,0.0,bad,145.0,16777216.0,1.0,1048576.0,0.0,0.046676
0.0957,7.0,1.0,1.0,0.013219999999999999,0.9990000000000001,0.9990000000000001,423625371.0,3.6,0.0,bad,145.0,16777216.0,1.0,1048576.0,3.0,0.473379764
0.0957,7.0,1.0,1.0,0.013219999999999999,0.9990000000000001,0.9990000000000001,423625371.0,3.6,0.0,bad,145.0,16777216.0,1.0,1048576.0,4.0,0.27211640000000004
0.0957,7.0,1.0,1.0,0.013219999999999999,0.9990000000000001,0.9990000000000001,423625371.0,3.6,0.0,bad,147.0,16777216.0,1.0,1048576.0,1.0,0.409
0.0957,7.0,1.0,1.0,0.013219999999999999,0.9990000000000001,0.9990000000000001,423625371.0,3.6,0.0,bad,147.0,16777216.0,1.0,1048576.0,0.0,0.047464
0.0957,7.0,1.0,1.0,0.013219999999999999,0.9990000000000001,0.9990000000000001,423625371.0,3.6,0.0,bad,147.0,16777216.0,1.0,1048576.0,3.0,0.47437962100000003
0.0957,7.0,1.0,1.0,0.013219999999999999,0.9990000000000001,0.9990000000000001,423625371.0,3.6,0.0,bad,147.0,16777216.0,1.0,1048576.0,4.0,0.2703566
0.0957,7.0,1.0,1.0,0.013219999999999999,0.9990000000000001,0.9990000000000001,423625371.0,3.6,0.0,bad,149.0,16777216.0,1.0,1048576.0,1.0,0.40399999999999997
0.0957,7.0,1.0,1.0,0.013219999999999999,0.9990000000000001,0.9990000000000001,423625371.0,3.6,0.0,bad,149.0,16777216.0,1.0,1048576.0,0.0,0.04765
0.0957,7.0,1.0,1.0,0.013219999999999999,0.9990000000000001,0.9990000000000001,423625371.0,3.6,0.0,bad,149.0,16777216.0,1.0,1048576.0,3.0,0.476115955
0.0957,7.0,1.0,1.0,0.013219999999999999,0.9990000000000001,0.9990000000000001,423625371.0,3.6,0.0,bad,149.0,16777216.0,1.0,1048576.0,4.0,0.27388920000000005
0.0957,7.0,1.0,1.0,0.013219999999999999,0.9990000000000001,0.9990000000000001,423625371.0,3.6,0.0,bad,151.0,16777216.0,1.0,1048576.0,1.0,0.365
0.0957,7.0,1.0,1.0,0.013219999999999999,0.9990000000000001,0.9990000000000001,423625371.0,3.6,0.0,bad,151.0,16777216.0,1.0,1048576.0,0.0,0.039806
0.0957,7.0,1.0,1.0,0.013219999999999999,0.9990000000000001,0.9990000000000001,423625371.0,3.6,0.0,bad,151.0,16777216.0,1.0,1048576.0,3.0,0.466715669
0.0957,7.0,1.0,1.0,0.013219999999999999,0.9990000000000001,0.9990000000000001,423625371.0,3.6,0.0,bad,151.0,16777216.0,1.0,1048576.0,4.0,0.27109859999999997
0.0957,7.0,1.0,1.0,0.013219999999999999,0.9990000000000001,0.9990000000000001,423625371.0,3.6,0.0,bad,153.0,16777216.0,1.0,1048576.0,1.0,0.408
0.0957,7.0,1.0,1.0,0.013219999999999999,0.9990000000000001,0.9990000000000001,423625371.0,3.6,0.0,bad,153.0,16777216.0,1.0,1048576.0,0.0,0.03394
0.0957,7.0,1.0,1.0,0.013219999999999999,0.9990000000000001,0.9990000000000001,423625371.0,3.6,0.0,bad,153.0,16777216.0,1.0,1048576.0,3.0,0.473479955
0.0957,7.0,1.0,1.0,0.013219999999999999,0.9990000000000001,0.9990000000000001,423625371.0,3.6,0.0,bad,153.0,16777216.0,1.0,1048576.0,4.0,0.2720962
0.0957,7.0,1.0,1.0,0.013219999999999999,0.9990000000000001,0.9990000000000001,423625371.0,3.6,0.0,bad,155.0,16777216.0,1.0,1048576.0,1.0,0.4
0.0957,7.0,1.0,1.0,0.013219999999999999,0.9990000000000001,0.9990000000000001,423625371.0,3.6,0.0,bad,155.0,16777216.0,1.0,1048576.0,0.0,0.068826
0.0957,7.0,1.0,1.0,0.013219999999999999,0.9990000000000001,0.9990000000000001,423625371.0,3.6,0.0,bad,155.0,16777216.0,1.0,1048576.0,3.0,0.49078986
0.0957,7.0,1.0,1.0,0.013219999999999999,0.9990000000000001,0.9990000000000001,423625371.0,3.6,0.0,bad,155.0,16777216.0,1.0,1048576.0,4.0,0.268878
0.0957,7.0,1.0,1.0,0.013219999999999999,0.9990000000000001,0.9990000000000001,423625371.0,3.6,0.0,bad,157.0,16777216.0,1.0,1048576.0,1.0,0.4
0.0957,7.0,1.0,1.0,0.013219999999999999,0.9990000000000001,0.9990000000000001,423625371.0,3.6,0.0,bad,157.0,16777216.0,1.0,1048576.0,0.0,0.044388
0.0957,7.0,1.0,1.0,0.013219999999999999,0.9990000000000001,0.9990000000000001,423625371.0,3.6,0.0,bad,157.0,16777216.0,1.0,1048576.0,3.0,0.48230581200000006
0.0957,7.0,1.0,1.0,0.013219999999999999,0.9990000000000001,0.9990000000000001,423625371.0,3.6,0.0,bad,157.0,16777216.0,1.0,1048576.0,4.0,0.27169679999999996
0.0957,7.0,1.0,1.0,0.013219999999999999,0.9990000000000001,0.9990000000000001,423625371.0,3.6,0.0,bad,159.0,16777216.0,1.0,1048576.0,1.0,0.41100000000000003
0.0957,7.0,1.0,1.0,0.013219999999999999,0.9990000000000001,0.9990000000000001,423625371.0,3.6,0.0,bad,159.0,16777216.0,1.0,1048576.0,0.0,0.04218
0.0957,7.0,1.0,1.0,0.013219999999999999,0.9990000000000001,0.9990000000000001,423625371.0,3.6,0.0,bad,159.0,16777216.0,1.0,1048576.0,3.0,0.51845186
0.0957,7.0,1.0,1.0,0.013219999999999999,0.9990000000000001,0.9990000000000001,423625371.0,3.6,0.0,bad,159.0,16777216.0,1.0,1048576.0,4.0,0.271884
0.0957,7.0,1.0,1.0,0.013219999999999999,0.9990000000000001,0.9990000000000001,423625371.0,3.6,0.0,bad,161.0,16777216.0,1.0,1048576.0,1.0,0.406
0.0957,7.0,1.0,1.0,0.013219999999999999,0.9990000000000001,0.9990000000000001,423625371.0,3.6,0.0,bad,161.0,16777216.0,1.0,1048576.0,0.0,0.033982
0.0957,7.0,1.0,1.0,0.013219999999999999,0.9990000000000001,0.9990000000000001,423625371.0,3.6,0.0,bad,161.0,16777216.0,1.0,1048576.0,3.0,0.45736586
0.0957,7.0,1.0,1.0,0.013219999999999999,0.9990000000000001,0.9990000000000001,423625371.0,3.6,0.0,bad,161.0,16777216.0,1.0,1048576.0,4.0,0.272872
0.0957,7.0,1.0,1.0,0.013219999999999999,0.9990000000000001,0.9990000000000001,423625371.0,3.6,0.0,bad,163.0,16777216.0,1.0,1048576.0,1.0,0.401
0.0957,7.0,1.0,1.0,0.013219999999999999,0.9990000000000001,0.9990000000000001,423625371.0,3.6,0.0,bad,163.0,16777216.0,1.0,1048576.0,0.0,0.06911
0.0957,7.0,1.0,1.0,0.013219999999999999,0.9990000000000001,0.9990000000000001,423625371.0,3.6,0.0,bad,163.0,16777216.0,1.0,1048576.0,3.0,0.47603957399999997
0.0957,7.0,1.0,1.0,0.013219999999999999,0.9990000000000001,0.9990000000000001,423625371.0,3.6,0.0,bad,163.0,16777216.0,1.0,1048576.0,4.0,0.2714692
0.0957,7.0,1.0,1.0,0.013219999999999999,0.9990000000000001,0.9990000000000001,423625371.0,3.6,0.0,bad,165.0,16777216.0,1.0,1048576.0,1.0,0.401
0.0957,7.0,1.0,1.0,0.013219999999999999,0.9990000000000001,0.9990000000000001,423625371.0,3.6,0.0,bad,165.0,16777216.0,1.0,1048576.0,0.0,0.032244
0.0957,7.0,1.0,1.0,0.013219999999999999,0.9990000000000001,0.9990000000000001,423625371.0,3.6,0.0,bad,165.0,16777216.0,1.0,1048576.0,3.0,0.479061621
0.0957,7.0,1.0,1.0,0.013219999999999999,0.9990000000000001,0.9990000000000001,423625371.0,3.6,0.0,bad,165.0,16777216.0,1.0,1048576.0,4.0,0.27129380000000003
0.0957,7.0,1.0,1.0,0.013219999999999999,0.9990000000000001,0.9990000000000001,423625371.0,3.6,0.0,bad,42.0,16777216.0,2.0,1048576.0,1.0,0.327
0.0957,7.0,1.0,1.0,0.013219999999999999,0.9990000000000001,0.9990000000000001,423625371.0,3.6,0.0,bad,42.0,16777216.0,2.0,1048576.0,0.0,0.035298
0.0957,7.0,1.0,1.0,0.013219999999999999,0.9990000000000001,0.9990000000000001,423625371.0,3.6,0.0,bad,42.0,16777216.0,2.0,1048576.0,2.0,0.023240563
0.0957,7.0,1.0,1.0,0.013219999999999999,0.9990000000000001,0.9990000000000001,423625371.0,3.6,0.0,bad,42.0,16777216.0,2.0,1048576.0,3.0,0.983603012
0.0957,7.0,1.0,1.0,0.013219999999999999,0.9990000000000001,0.9990000000000001,423625371.0,3.6,0.0,bad,42.0,16777216.0,2.0,1048576.0,4.0,0.153919
0.0957,7.0,1.0,1.0,0.013219999999999999,0.9990000000000001,0.9990000000000001,423625371.0,3.6,0.0,bad,44.0,16777216.0,2.0,1048576.0,2.0,0.022958142999999997
0.0957,7.0,1.0,1.0,0.013219999999999999,0.9990000000000001,0.9990000000000001,423625371.0,3.6,0.0,bad,44.0,16777216.0,2.0,1048576.0,3.0,4.6271
0.0957,7.0,1.0,1.0,0.013219999999999999,0.9990000000000001,0.9990000000000001,423625371.0,3.6,0.0,bad,46.0,16777216.0,2.0,1048576.0,1.0,0.311
0.0957,7.0,1.0,1.0,0.013219999999999999,0.9990000000000001,0.9990000000000001,423625371.0,3.6,0.0,bad,46.0,16777216.0,2.0,1048576.0,0.0,0.030418
0.0957,7.0,1.0,1.0,0.013219999999999999,0.9990000000000001,0.9990000000000001,423625371.0,3.6,0.0,bad,46.0,16777216.0,2.0,1048576.0,2.0,0.023551972
0.0957,7.0,1.0,1.0,0.013219999999999999,0.9990000000000001,0.9990000000000001,423625371.0,3.6,0.0,bad,46.0,16777216.0,2.0,1048576.0,3.0,1.04928444
0.0957,7.0,1.0,1.0,0.013219999999999999,0.9990000000000001,0.9990000000000001,423625371.0,3.6,0.0,bad,46.0,16777216.0,2.0,1048576.0,4.0,0.172033
0.0957,7.0,1.0,1.0,0.013219999999999999,0.9990000000000001,0.9990000000000001,423625371.0,3.6,0.0,bad,48.0,16777216.0,2.0,1048576.0,1.0,0.312
0.0957,7.0,1.0,1.0,0.013219999999999999,0.9990000000000001,0.9990000000000001,423625371.0,3.6,0.0,bad,48.0,16777216.0,2.0,1048576.0,0.0,0.032945999999999996
0.0957,7.0,1.0,1.0,0.013219999999999999,0.9990000000000001,0.9990000000000001,423625371.0,3.6,0.0,bad,48.0,16777216.0,2.0,1048576.0,2.0,0.029469741
0.0957,7.0,1.0,1.0,0.013219999999999999,0.9990000000000001,0.9990000000000001,423625371.0,3.6,0.0,bad,48.0,16777216.0,2.0,1048576.0,3.0,1.03709644
0.0957,7.0,1.0,1.0,0.013219999999999999,0.9990000000000001,0.9990000000000001,423625371.0,3.6,0.0,bad,48.0,16777216.0,2.0,1048576.0,4.0,0.162617
0.0957,7.0,1.0,1.0,0.013219999999999999,0.9990000000000001,0.9990000000000001,423625371.0,3.6,0.0,bad,50.0,16777216.0,2.0,1048576.0,1.0,0.311
0.0957,7.0,1.0,1.0,0.013219999999999999,0.9990000000000001,0.9990000000000001,423625371.0,3.6,0.0,bad,50.0,16777216.0,2.0,1048576.0,0.0,0.021566
0.0957,7.0,1.0,1.0,0.013219999999999999,0.9990000000000001,0.9990000000000001,423625371.0,3.6,0.0,bad,50.0,16777216.0,2.0,1048576.0,2.0,0.023062733
0.0957,7.0,1.0,1.0,0.013219999999999999,0.9990000000000001,0.9990000000000001,423625371.0,3.6,0.0,bad,50.0,16777216.0,2.0,1048576.0,3.0,0.953097871
0.0957,7.0,1.0,1.0,0.013219999999999999,0.9990000000000001,0.9990000000000001,423625371.0,3.6,0.0,bad,50.0,16777216.0,2.0,1048576.0,4.0,0.1864092
0.0957,7.0,1.0,1.0,0.013219999999999999,0.9990000000000001,0.9990000000000001,423625371.0,3.6,0.0,bad,52.0,16777216.0,2.0,1048576.0,2.0,0.036847639
0.0957,7.0,1.0,1.0,0.013219999999999999,0.9990000000000001,0.9990000000000001,423625371.0,3.6,0.0,bad,52.0,16777216.0,2.0,1048576.0,3.0,5.4586
0.0957,7.0,1.0,1.0,0.013219999999999999,0.9990000000000001,0.9990000000000001,423625371.0,3.6,0.0,bad,54.0,16777216.0,2.0,1048576.0,1.0,0.324
0.0957,7.0,1.0,1.0,0.013219999999999999,0.9990000000000001,0.9990000000000001,423625371.0,3.6,0.0,bad,54.0,16777216.0,2.0,1048576.0,0.0,0.035248
0.0957,7.0,1.0,1.0,0.013219999999999999,0.9990000000000001,0.9990000000000001,423625371.0,3.6,0.0,bad,54.0,16777216.0,2.0,1048576.0,2.0,0.023734593
0.0957,7.0,1.0,1.0,0.013219999999999999,0.9990000000000001,0.9990000000000001,423625371.0,3.6,0.0,bad,54.0,16777216.0,2.0,1048576.0,3.0,0.940233772
0.0957,7.0,1.0,1.0,0.013219999999999999,0.9990000000000001,0.9990000000000001,423625371.0,3.6,0.0,bad,54.0,16777216.0,2.0,1048576.0,4.0,0.194991
0.0957,7.0,1.0,1.0,0.013219999999999999,0.9990000000000001,0.9990000000000001,423625371.0,3.6,0.0,bad,56.0,16777216.0,2.0,1048576.0,1.0,0.32299999999999995
0.0957,7.0,1.0,1.0,0.013219999999999999,0.9990000000000001,0.9990000000000001,423625371.0,3.6,0.0,bad,56.0,16777216.0,2.0,1048576.0,0.0,0.026798000000000002
0.0957,7.0,1.0,1.0,0.013219999999999999,0.9990000000000001,0.9990000000000001,423625371.0,3.6,0.0,bad,56.0,16777216.0,2.0,1048576.0,2.0,0.02414216
0.0957,7.0,1.0,1.0,0.013219999999999999,0.9990000000000001,0.9990000000000001,423625371.0,3.6,0.0,bad,56.0,16777216.0,2.0,1048576.0,3.0,0.964317105
0.0957,7.0,1.0,1.0,0.013219999999999999,0.9990000000000001,0.9990000000000001,423625371.0,3.6,0.0,bad,56.0,16777216.0,2.0,1048576.0,4.0,0.1513614
0.0957,7.0,1.0,1.0,0.013219999999999999,0.9990000000000001,0.9990000000000001,423625371.0,3.6,0.0,bad,58.0,16777216.0,2.0,1048576.0,1.0,0.324
0.0957,7.0,1.0,1.0,0.013219999999999999,0.9990000000000001,0.9990000000000001,423625371.0,3.6,0.0,bad,58.0,16777216.0,2.0,1048576.0,0.0,0.033326
0.0957,7.0,1.0,1.0,0.013219999999999999,0.9990000000000001,0.9990000000000001,423625371.0,3.6,0.0,bad,58.0,16777216.0,2.0,1048576.0,2.0,0.029647918
0.0957,7.0,1.0,1.0,0.013219999999999999,0.9990000000000001,0.9990000000000001,423625371.0,3.6,0.0,bad,58.0,16777216.0,2.0,1048576.0,3.0,1.067802202
0.0957,7.0,1.0,1.0,0.013219999999999999,0.9990000000000001,0.9990000000000001,423625371.0,3.6,0.0,bad,58.0,16777216.0,2.0,1048576.0,4.0,0.17377320000000002
0.0957,7.0,1.0,1.0,0.013219999999999999,0.9990000000000001,0.9990000000000001,423625371.0,3.6,0.0,bad,60.0,16777216.0,2.0,1048576.0,1.0,0.32299999999999995
0.0957,7.0,1.0,1.0,0.013219999999999999,0.9990000000000001,0.9990000000000001,423625371.0,3.6,0.0,bad,60.0,16777216.0,2.0,1048576.0,0.0,0.022276
0.0957,7.0,1.0,1.0,0.013219999999999999,0.9990000000000001,0.9990000000000001,423625371.0,3.6,0.0,bad,60.0,16777216.0,2.0,1048576.0,2.0,0.023596555
0.0957,7.0,1.0,1.0,0.013219999999999999,0.9990000000000001,0.9990000000000001,423625371.0,3.6,0.0,bad,60.0,16777216.0,2.0,1048576.0,3.0,0.966231582
0.0957,7.0,1.0,1.0,0.013219999999999999,0.9990000000000001,0.9990000000000001,423625371.0,3.6,0.0,bad,60.0,16777216.0,2.0,1048576.0,4.0,0.1886526
0.0957,7.0,1.0,1.0,0.013219999999999999,0.9990000000000001,0.9990000000000001,423625371.0,3.6,0.0,bad,62.0,16777216.0,2.0,1048576.0,1.0,0.311
0.0957,7.0,1.0,1.0,0.013219999999999999,0.9990000000000001,0.9990000000000001,423625371.0,3.6,0.0,bad,62.0,16777216.0,2.0,1048576.0,0.0,0.03108
0.0957,7.0,1.0,1.0,0.013219999999999999,0.9990000000000001,0.9990000000000001,423625371.0,3.6,0.0,bad,62.0,16777216.0,2.0,1048576.0,2.0,0.024298132000000004
0.0957,7.0,1.0,1.0,0.013219999999999999,0.9990000000000001,0.9990000000000001,423625371.0,3.6,0.0,bad,62.0,16777216.0,2.0,1048576.0,3.0,1.095362538
0.0957,7.0,1.0,1.0,0.013219999999999999,0.9990000000000001,0.9990000000000001,423625371.0,3.6,0.0,bad,62.0,16777216.0,2.0,1048576.0,4.0,0.1683886
0.0957,7.0,1.0,1.0,0.013219999999999999,0.9990000000000001,0.9990000000000001,423625371.0,3.6,0.0,bad,64.0,16777216.0,2.0,1048576.0,1.0,0.302
0.0957,7.0,1.0,1.0,0.013219999999999999,0.9990000000000001,0.9990000000000001,423625371.0,3.6,0.0,bad,64.0,16777216.0,2.0,1048576.0,0.0,0.021776
0.0957,7.0,1.0,1.0,0.013219999999999999,0.9990000000000001,0.9990000000000001,423625371.0,3.6,0.0,bad,64.0,16777216.0,2.0,1048576.0,2.0,0.023521317000000003
0.0957,7.0,1.0,1.0,0.013219999999999999,0.9990000000000001,0.9990000000000001,423625371.0,3.6,0.0,bad,64.0,16777216.0,2.0,1048576.0,3.0,1.001459871
0.0957,7.0,1.0,1.0,0.013219999999999999,0.9990000000000001,0.9990000000000001,423625371.0,3.6,0.0,bad,64.0,16777216.0,2.0,1048576.0,4.0,0.1562176
0.0957,7.0,1.0,1.0,0.013219999999999999,0.9990000000000001,0.9990000000000001,423625371.0,3.6,0.0,bad,66.0,16777216.0,2.0,1048576.0,1.0,0.313
0.0957,7.0,1.0,1.0,0.013219999999999999,0.9990000000000001,0.9990000000000001,423625371.0,3.6,0.0,bad,66.0,16777216.0,2.0,1048576.0,0.0,0.039702
0.0957,7.0,1.0,1.0,0.013219999999999999,0.9990000000000001,0.9990000000000001,423625371.0,3.6,0.0,bad,66.0,16777216.0,2.0,1048576.0,2.0,0.029546178
0.0957,7.0,1.0,1.0,0.013219999999999999,0.9990000000000001,0.9990000000000001,423625371.0,3.6,0.0,bad,66.0,16777216.0,2.0,1048576.0,3.0,0.9939402490000001
0.0957,7.0,1.0,1.0,0.013219999999999999,0.9990000000000001,0.9990000000000001,423625371.0,3.6,0.0,bad,66.0,16777216.0,2.0,1048576.0,4.0,0.150704
0.0957,7.0,1.0,1.0,0.013219999999999999,0.9990000000000001,0.9990000000000001,423625371.0,3.6,0.0,bad,70.0,16777216.0,2.0,1048576.0,1.0,0.322
0.0957,7.0,1.0,1.0,0.013219999999999999,0.9990000000000001,0.9990000000000001,423625371.0,3.6,0.0,bad,70.0,16777216.0,2.0,1048576.0,0.0,0.037456
0.0957,7.0,1.0,1.0,0.013219999999999999,0.9990000000000001,0.9990000000000001,423625371.0,3.6,0.0,bad,70.0,16777216.0,2.0,1048576.0,2.0,0.029353655
0.0957,7.0,1.0,1.0,0.013219999999999999,0.9990000000000001,0.9990000000000001,423625371.0,3.6,0.0,bad,70.0,16777216.0,2.0,1048576.0,3.0,0.900207153
0.0957,7.0,1.0,1.0,0.013219999999999999,0.9990000000000001,0.9990000000000001,423625371.0,3.6,0.0,bad,70.0,16777216.0,2.0,1048576.0,4.0,0.15576099999999998
0.0957,7.0,1.0,1.0,0.013219999999999999,0.9990000000000001,0.9990000000000001,423625371.0,3.6,0.0,bad,72.0,16777216.0,2.0,1048576.0,1.0,0.301
0.0957,7.0,1.0,1.0,0.013219999999999999,0.9990000000000001,0.9990000000000001,423625371.0,3.6,0.0,bad,72.0,16777216.0,2.0,1048576.0,0.0,0.02365
0.0957,7.0,1.0,1.0,0.013219999999999999,0.9990000000000001,0.9990000000000001,423625371.0,3.6,0.0,bad,72.0,16777216.0,2.0,1048576.0,2.0,0.023796876
0.0957,7.0,1.0,1.0,0.013219999999999999,0.9990000000000001,0.9990000000000001,423625371.0,3.6,0.0,bad,72.0,16777216.0,2.0,1048576.0,3.0,0.98329044
0.0957,7.0,1.0,1.0,0.013219999999999999,0.9990000000000001,0.9990000000000001,423625371.0,3.6,0.0,bad,72.0,16777216.0,2.0,1048576.0,4.0,0.2026984
0.0957,7.0,1.0,1.0,0.013219999999999999,0.9990000000000001,0.9990000000000001,423625371.0,3.6,0.0,bad,74.0,16777216.0,2.0,1048576.0,1.0,0.321
0.0957,7.0,1.0,1.0,0.013219999999999999,0.9990000000000001,0.9990000000000001,423625371.0,3.6,0.0,bad,74.0,16777216.0,2.0,1048576.0,0.0,0.038489999999999996
0.0957,7.0,1.0,1.0,0.013219999999999999,0.9990000000000001,0.9990000000000001,423625371.0,3.6,0.0,bad,74.0,16777216.0,2.0,1048576.0,2.0,0.022761236
0.0957,7.0,1.0,1.0,0.013219999999999999,0.9990000000000001,0.9990000000000001,423625371.0,3.6,0.0,bad,74.0,16777216.0,2.0,1048576.0,3.0,0.651031725
0.0957,7.0,1.0,1.0,0.013219999999999999,0.9990000000000001,0.9990000000000001,423625371.0,3.6,0.0,bad,74.0,16777216.0,2.0,1048576.0,4.0,0.1559094
0.0957,7.0,1.0,1.0,0.013219999999999999,0.9990000000000001,0.9990000000000001,423625371.0,3.6,0.0,bad,76.0,16777216.0,2.0,1048576.0,1.0,0.32299999999999995
0.0957,7.0,1.0,1.0,0.013219999999999999,0.9990000000000001,0.9990000000000001,423625371.0,3.6,0.0,bad,76.0,16777216.0,2.0,1048576.0,0.0,0.034816
0.0957,7.0,1.0,1.0,0.013219999999999999,0.9990000000000001,0.9990000000000001,423625371.0,3.6,0.0,bad,76.0,16777216.0,2.0,1048576.0,2.0,0.037158067
0.0957,7.0,1.0,1.0,0.013219999999999999,0.9990000000000001,0.9990000000000001,423625371.0,3.6,0.0,bad,76.0,16777216.0,2.0,1048576.0,3.0,0.9470112509999999
0.0957,7.0,1.0,1.0,0.013219999999999999,0.9990000000000001,0.9990000000000001,423625371.0,3.6,0.0,bad,76.0,16777216.0,2.0,1048576.0,4.0,0.1516098
0.0957,7.0,1.0,1.0,0.013219999999999999,0.9990000000000001,0.9990000000000001,423625371.0,3.6,0.0,bad,78.0,16777216.0,2.0,1048576.0,1.0,0.311
0.0957,7.0,1.0,1.0,0.013219999999999999,0.9990000000000001,0.9990000000000001,423625371.0,3.6,0.0,bad,78.0,16777216.0,2.0,1048576.0,0.0,0.035887999999999996
0.0957,7.0,1.0,1.0,0.013219999999999999,0.9990000000000001,0.9990000000000001,423625371.0,3.6,0.0,bad,78.0,16777216.0,2.0,1048576.0,2.0,0.023912741
0.0957,7.0,1.0,1.0,0.013219999999999999,0.9990000000000001,0.9990000000000001,423625371.0,3.6,0.0,bad,78.0,16777216.0,2.0,1048576.0,3.0,1.048305203
0.0957,7.0,1.0,1.0,0.013219999999999999,0.9990000000000001,0.9990000000000001,423625371.0,3.6,0.0,bad,78.0,16777216.0,2.0,1048576.0,4.0,0.15872360000000002
0.0957,7.0,1.0,1.0,0.013219999999999999,0.9990000000000001,0.9990000000000001,423625371.0,3.6,0.0,bad,80.0,16777216.0,2.0,1048576.0,1.0,0.311
0.0957,7.0,1.0,1.0,0.013219999999999999,0.9990000000000001,0.9990000000000001,423625371.0,3.6,0.0,bad,80.0,16777216.0,2.0,1048576.0,0.0,0.036962
0.0957,7.0,1.0,1.0,0.013219999999999999,0.9990000000000001,0.9990000000000001,423625371.0,3.6,0.0,bad,80.0,16777216.0,2.0,1048576.0,2.0,0.02357481
0.0957,7.0,1.0,1.0,0.013219999999999999,0.9990000000000001,0.9990000000000001,423625371.0,3.6,0.0,bad,80.0,16777216.0,2.0,1048576.0,3.0,0.971284011
0.0957,7.0,1.0,1.0,0.013219999999999999,0.9990000000000001,0.9990000000000001,423625371.0,3.6,0.0,bad,80.0,16777216.0,2.0,1048576.0,4.0,0.1884772
0.0957,7.0,1.0,1.0,0.013219999999999999,0.9990000000000001,0.9990000000000001,423625371.0,3.6,0.0,bad,82.0,16777216.0,2.0,1048576.0,1.0,0.326
0.0957,7.0,1.0,1.0,0.013219999999999999,0.9990000000000001,0.9990000000000001,423625371.0,3.6,0.0,bad,82.0,16777216.0,2.0,1048576.0,0.0,0.023497999999999998
0.0957,7.0,1.0,1.0,0.013219999999999999,0.9990000000000001,0.9990000000000001,423625371.0,3.6,0.0,bad,82.0,16777216.0,2.0,1048576.0,2.0,0.023719615
0.0957,7.0,1.0,1.0,0.013219999999999999,0.9990000000000001,0.9990000000000001,423625371.0,3.6,0.0,bad,82.0,16777216.0,2.0,1048576.0,3.0,0.762531388
0.0957,7.0,1.0,1.0,0.013219999999999999,0.9990000000000001,0.9990000000000001,423625371.0,3.6,0.0,bad,82.0,16777216.0,2.0,1048576.0,4.0,0.1590694
0.0957,7.0,1.0,1.0,0.013219999999999999,0.9990000000000001,0.9990000000000001,423625371.0,3.6,0.0,bad,84.0,16777216.0,2.0,1048576.0,1.0,0.32299999999999995
0.0957,7.0,1.0,1.0,0.013219999999999999,0.9990000000000001,0.9990000000000001,423625371.0,3.6,0.0,bad,84.0,16777216.0,2.0,1048576.0,0.0,0.028426
0.0957,7.0,1.0,1.0,0.013219999999999999,0.9990000000000001,0.9990000000000001,423625371.0,3.6,0.0,bad,84.0,16777216.0,2.0,1048576.0,2.0,0.036994663
0.0957,7.0,1.0,1.0,0.013219999999999999,0.9990000000000001,0.9990000000000001,423625371.0,3.6,0.0,bad,84.0,16777216.0,2.0,1048576.0,3.0,1.069502202
0.0957,7.0,1.0,1.0,0.013219999999999999,0.9990000000000001,0.9990000000000001,423625371.0,3.6,0.0,bad,84.0,16777216.0,2.0,1048576.0,4.0,0.1516308
0.0957,7.0,1.0,1.0,0.013219999999999999,0.9990000000000001,0.9990000000000001,423625371.0,3.6,0.0,bad,86.0,16777216.0,2.0,1048576.0,2.0,0.033482213999999996
0.0957,7.0,1.0,1.0,0.013219999999999999,0.9990000000000001,0.9990000000000001,423625371.0,3.6,0.0,bad,86.0,16777216.0,2.0,1048576.0,3.0,5.78759
0.0957,7.0,1.0,1.0,0.013219999999999999,0.9990000000000001,0.9990000000000001,423625371.0,3.6,0.0,bad,88.0,16777216.0,2.0,1048576.0,1.0,0.322
0.0957,7.0,1.0,1.0,0.013219999999999999,0.9990000000000001,0.9990000000000001,423625371.0,3.6,0.0,bad,88.0,16777216.0,2.0,1048576.0,0.0,0.022636
0.0957,7.0,1.0,1.0,0.013219999999999999,0.9990000000000001,0.9990000000000001,423625371.0,3.6,0.0,bad,88.0,16777216.0,2.0,1048576.0,2.0,0.024085974
0.0957,7.0,1.0,1.0,0.013219999999999999,0.9990000000000001,0.9990000000000001,423625371.0,3.6,0.0,bad,88.0,16777216.0,2.0,1048576.0,3.0,0.877615629
0.0957,7.0,1.0,1.0,0.013219999999999999,0.9990000000000001,0.9990000000000001,423625371.0,3.6,0.0,bad,88.0,16777216.0,2.0,1048576.0,4.0,0.16879360000000002
0.0957,7.0,1.0,1.0,0.013219999999999999,0.9990000000000001,0.9990000000000001,423625371.0,3.6,0.0,bad,90.0,16777216.0,2.0,1048576.0,1.0,0.324
0.0957,7.0,1.0,1.0,0.013219999999999999,0.9990000000000001,0.9990000000000001,423625371.0,3.6,0.0,bad,90.0,16777216.0,2.0,1048576.0,0.0,0.02185
0.0957,7.0,1.0,1.0,0.013219999999999999,0.9990000000000001,0.9990000000000001,423625371.0,3.6,0.0,bad,90.0,16777216.0,2.0,1048576.0,2.0,0.023157387
0.0957,7.0,1.0,1.0,0.013219999999999999,0.9990000000000001,0.9990000000000001,423625371.0,3.6,0.0,bad,90.0,16777216.0,2.0,1048576.0,3.0,0.8483996290000001
0.0957,7.0,1.0,1.0,0.013219999999999999,0.9990000000000001,0.9990000000000001,423625371.0,3.6,0.0,bad,90.0,16777216.0,2.0,1048576.0,4.0,0.1708544
0.0957,7.0,1.0,1.0,0.013219999999999999,0.9990000000000001,0.9990000000000001,423625371.0,3.6,0.0,bad,92.0,16777216.0,2.0,1048576.0,1.0,0.313
0.0957,7.0,1.0,1.0,0.013219999999999999,0.9990000000000001,0.9990000000000001,423625371.0,3.6,0.0,bad,92.0,16777216.0,2.0,1048576.0,0.0,0.034398000000000005
0.0957,7.0,1.0,1.0,0.013219999999999999,0.9990000000000001,0.9990000000000001,423625371.0,3.6,0.0,bad,92.0,16777216.0,2.0,1048576.0,2.0,0.025014285
0.0957,7.0,1.0,1.0,0.013219999999999999,0.9990000000000001,0.9990000000000001,423625371.0,3.6,0.0,bad,92.0,16777216.0,2.0,1048576.0,3.0,0.8585102490000001
0.0957,7.0,1.0,1.0,0.013219999999999999,0.9990000000000001,0.9990000000000001,423625371.0,3.6,0.0,bad,92.0,16777216.0,2.0,1048576.0,4.0,0.15080439999999998
0.0957,7.0,1.0,1.0,0.013219999999999999,0.9990000000000001,0.9990000000000001,423625371.0,3.6,0.0,bad,94.0,16777216.0,2.0,1048576.0,1.0,0.327
0.0957,7.0,1.0,1.0,0.013219999999999999,0.9990000000000001,0.9990000000000001,423625371.0,3.6,0.0,bad,94.0,16777216.0,2.0,1048576.0,0.0,0.034952
0.0957,7.0,1.0,1.0,0.013219999999999999,0.9990000000000001,0.9990000000000001,423625371.0,3.6,0.0,bad,94.0,16777216.0,2.0,1048576.0,2.0,0.031444308
0.0957,7.0,1.0,1.0,0.013219999999999999,0.9990000000000001,0.9990000000000001,423625371.0,3.6,0.0,bad,94.0,16777216.0,2.0,1048576.0,3.0,1.048549015
0.0957,7.0,1.0,1.0,0.013219999999999999,0.9990000000000001,0.9990000000000001,423625371.0,3.6,0.0,bad,94.0,16777216.0,2.0,1048576.0,4.0,0.1526624
0.0957,7.0,1.0,1.0,0.013219999999999999,0.9990000000000001,0.9990000000000001,423625371.0,3.6,0.0,bad,96.0,16777216.0,2.0,1048576.0,1.0,0.309
0.0957,7.0,1.0,1.0,0.013219999999999999,0.9990000000000001,0.9990000000000001,423625371.0,3.6,0.0,bad,96.0,16777216.0,2.0,1048576.0,0.0,0.037795999999999996
0.0957,7.0,1.0,1.0,0.013219999999999999,0.9990000000000001,0.9990000000000001,423625371.0,3.6,0.0,bad,96.0,16777216.0,2.0,1048576.0,2.0,0.023377268
0.0957,7.0,1.0,1.0,0.013219999999999999,0.9990000000000001,0.9990000000000001,423625371.0,3.6,0.0,bad,96.0,16777216.0,2.0,1048576.0,3.0,1.073604869
0.0957,7.0,1.0,1.0,0.013219999999999999,0.9990000000000001,0.9990000000000001,423625371.0,3.6,0.0,bad,96.0,16777216.0,2.0,1048576.0,4.0,0.1792768
0.0957,7.0,1.0,1.0,0.013219999999999999,0.9990000000000001,0.9990000000000001,423625371.0,3.6,0.0,bad,100.0,16777216.0,2.0,1048576.0,1.0,0.309
0.0957,7.0,1.0,1.0,0.013219999999999999,0.9990000000000001,0.9990000000000001,423625371.0,3.6,0.0,bad,100.0,16777216.0,2.0,1048576.0,0.0,0.021612
0.0957,7.0,1.0,1.0,0.013219999999999999,0.9990000000000001,0.9990000000000001,423625371.0,3.6,0.0,bad,100.0,16777216.0,2.0,1048576.0,2.0,0.023414487
0.0957,7.0,1.0,1.0,0.013219999999999999,0.9990000000000001,0.9990000000000001,423625371.0,3.6,0.0,bad,100.0,16777216.0,2.0,1048576.0,3.0,0.76729582
0.0957,7.0,1.0,1.0,0.013219999999999999,0.9990000000000001,0.9990000000000001,423625371.0,3.6,0.0,bad,100.0,16777216.0,2.0,1048576.0,4.0,0.15644360000000002
0.0957,7.0,1.0,1.0,0.013219999999999999,0.9990000000000001,0.9990000000000001,423625371.0,3.6,0.0,bad,102.0,16777216.0,2.0,1048576.0,1.0,0.311
0.0957,7.0,1.0,1.0,0.013219999999999999,0.9990000000000001,0.9990000000000001,423625371.0,3.6,0.0,bad,102.0,16777216.0,2.0,1048576.0,0.0,0.038466
0.0957,7.0,1.0,1.0,0.013219999999999999,0.9990000000000001,0.9990000000000001,423625371.0,3.6,0.0,bad,102.0,16777216.0,2.0,1048576.0,2.0,0.023145682
0.0957,7.0,1.0,1.0,0.013219999999999999,0.9990000000000001,0.9990000000000001,423625371.0,3.6,0.0,bad,102.0,16777216.0,2.0,1048576.0,3.0,1.02765658
0.0957,7.0,1.0,1.0,0.013219999999999999,0.9990000000000001,0.9990000000000001,423625371.0,3.6,0.0,bad,102.0,16777216.0,2.0,1048576.0,4.0,0.1517084
0.0957,7.0,1.0,1.0,0.013219999999999999,0.9990000000000001,0.9990000000000001,423625371.0,3.6,0.0,bad,104.0,16777216.0,2.0,1048576.0,1.0,0.324
0.0957,7.0,1.0,1.0,0.013219999999999999,0.9990000000000001,0.9990000000000001,423625371.0,3.6,0.0,bad,104.0,16777216.0,2.0,1048576.0,0.0,0.039542
0.0957,7.0,1.0,1.0,0.013219999999999999,0.9990000000000001,0.9990000000000001,423625371.0,3.6,0.0,bad,104.0,16777216.0,2.0,1048576.0,2.0,0.022325757999999998
0.0957,7.0,1.0,1.0,0.013219999999999999,0.9990000000000001,0.9990000000000001,423625371.0,3.6,0.0,bad,104.0,16777216.0,2.0,1048576.0,3.0,1.020485963
0.0957,7.0,1.0,1.0,0.013219999999999999,0.9990000000000001,0.9990000000000001,423625371.0,3.6,0.0,bad,104.0,16777216.0,2.0,1048576.0,4.0,0.154401
0.0957,7.0,1.0,1.0,0.013219999999999999,0.9990000000000001,0.9990000000000001,423625371.0,3.6,0.0,bad,106.0,16777216.0,2.0,1048576.0,1.0,0.322
0.0957,7.0,1.0,1.0,0.013219999999999999,0.9990000000000001,0.9990000000000001,423625371.0,3.6,0.0,bad,106.0,16777216.0,2.0,1048576.0,0.0,0.030362
0.0957,7.0,1.0,1.0,0.013219999999999999,0.9990000000000001,0.9990000000000001,423625371.0,3.6,0.0,bad,106.0,16777216.0,2.0,1048576.0,2.0,0.023383115
0.0957,7.0,1.0,1.0,0.013219999999999999,0.9990000000000001,0.9990000000000001,423625371.0,3.6,0.0,bad,106.0,16777216.0,2.0,1048576.0,3.0,1.008460819
0.0957,7.0,1.0,1.0,0.013219999999999999,0.9990000000000001,0.9990000000000001,423625371.0,3.6,0.0,bad,106.0,16777216.0,2.0,1048576.0,4.0,0.1732692
0.0957,7.0,1.0,1.0,0.013219999999999999,0.9990000000000001,0.9990000000000001,423625371.0,3.6,0.0,bad,108.0,16777216.0,2.0,1048576.0,1.0,0.325
0.0957,7.0,1.0,1.0,0.013219999999999999,0.9990000000000001,0.9990000000000001,423625371.0,3.6,0.0,bad,108.0,16777216.0,2.0,1048576.0,0.0,0.022580000000000003
0.0957,7.0,1.0,1.0,0.013219999999999999,0.9990000000000001,0.9990000000000001,423625371.0,3.6,0.0,bad,108.0,16777216.0,2.0,1048576.0,2.0,0.023420714
0.0957,7.0,1.0,1.0,0.013219999999999999,0.9990000000000001,0.9990000000000001,423625371.0,3.6,0.0,bad,108.0,16777216.0,2.0,1048576.0,3.0,1.0616840109999999
0.0957,7.0,1.0,1.0,0.013219999999999999,0.9990000000000001,0.9990000000000001,423625371.0,3.6,0.0,bad,108.0,16777216.0,2.0,1048576.0,4.0,0.177222
0.0957,7.0,1.0,1.0,0.013219999999999999,0.9990000000000001,0.9990000000000001,423625371.0,3.6,0.0,bad,110.0,16777216.0,2.0,1048576.0,1.0,0.293
0.0957,7.0,1.0,1.0,0.013219999999999999,0.9990000000000001,0.9990000000000001,423625371.0,3.6,0.0,bad,110.0,16777216.0,2.0,1048576.0,0.0,0.036762
0.0957,7.0,1.0,1.0,0.013219999999999999,0.9990000000000001,0.9990000000000001,423625371.0,3.6,0.0,bad,110.0,16777216.0,2.0,1048576.0,2.0,0.032595455
0.0957,7.0,1.0,1.0,0.013219999999999999,0.9990000000000001,0.9990000000000001,423625371.0,3.6,0.0,bad,110.0,16777216.0,2.0,1048576.0,3.0,0.840200202
0.0957,7.0,1.0,1.0,0.013219999999999999,0.9990000000000001,0.9990000000000001,423625371.0,3.6,0.0,bad,110.0,16777216.0,2.0,1048576.0,4.0,0.191066
0.0957,7.0,1.0,1.0,0.013219999999999999,0.9990000000000001,0.9990000000000001,423625371.0,3.6,0.0,bad,112.0,16777216.0,2.0,1048576.0,1.0,0.325
0.0957,7.0,1.0,1.0,0.013219999999999999,0.9990000000000001,0.9990000000000001,423625371.0,3.6,0.0,bad,112.0,16777216.0,2.0,1048576.0,0.0,0.02157
0.0957,7.0,1.0,1.0,0.013219999999999999,0.9990000000000001,0.9990000000000001,423625371.0,3.6,0.0,bad,112.0,16777216.0,2.0,1048576.0,2.0,0.023267107000000002
0.0957,7.0,1.0,1.0,0.013219999999999999,0.9990000000000001,0.9990000000000001,423625371.0,3.6,0.0,bad,112.0,16777216.0,2.0,1048576.0,3.0,0.852185772
0.0957,7.0,1.0,1.0,0.013219999999999999,0.9990000000000001,0.9990000000000001,423625371.0,3.6,0.0,bad,112.0,16777216.0,2.0,1048576.0,4.0,0.185608
0.0957,7.0,1.0,1.0,0.013219999999999999,0.9990000000000001,0.9990000000000001,423625371.0,3.6,0.0,bad,114.0,16777216.0,2.0,1048576.0,1.0,0.31
0.0957,7.0,1.0,1.0,0.013219999999999999,0.9990000000000001,0.9990000000000001,423625371.0,3.6,0.0,bad,114.0,16777216.0,2.0,1048576.0,0.0,0.027348
0.0957,7.0,1.0,1.0,0.013219999999999999,0.9990000000000001,0.9990000000000001,423625371.0,3.6,0.0,bad,114.0,16777216.0,2.0,1048576.0,2.0,0.032219812
0.0957,7.0,1.0,1.0,0.013219999999999999,0.9990000000000001,0.9990000000000001,423625371.0,3.6,0.0,bad,114.0,16777216.0,2.0,1048576.0,3.0,0.956947057
0.0957,7.0,1.0,1.0,0.013219999999999999,0.9990000000000001,0.9990000000000001,423625371.0,3.6,0.0,bad,114.0,16777216.0,2.0,1048576.0,4.0,0.1682634
0.0957,7.0,1.0,1.0,0.013219999999999999,0.9990000000000001,0.9990000000000001,423625371.0,3.6,0.0,bad,116.0,16777216.0,2.0,1048576.0,1.0,0.312
0.0957,7.0,1.0,1.0,0.013219999999999999,0.9990000000000001,0.9990000000000001,423625371.0,3.6,0.0,bad,116.0,16777216.0,2.0,1048576.0,0.0,0.034802
0.0957,7.0,1.0,1.0,0.013219999999999999,0.9990000000000001,0.9990000000000001,423625371.0,3.6,0.0,bad,116.0,16777216.0,2.0,1048576.0,2.0,0.022910708999999998
0.0957,7.0,1.0,1.0,0.013219999999999999,0.9990000000000001,0.9990000000000001,423625371.0,3.6,0.0,bad,116.0,16777216.0,2.0,1048576.0,3.0,0.891686202
0.0957,7.0,1.0,1.0,0.013219999999999999,0.9990000000000001,0.9990000000000001,423625371.0,3.6,0.0,bad,116.0,16777216.0,2.0,1048576.0,4.0,0.1518088
0.0957,7.0,1.0,1.0,0.013219999999999999,0.9990000000000001,0.9990000000000001,423625371.0,3.6,0.0,bad,118.0,16777216.0,2.0,1048576.0,1.0,0.32299999999999995
0.0957,7.0,1.0,1.0,0.013219999999999999,0.9990000000000001,0.9990000000000001,423625371.0,3.6,0.0,bad,118.0,16777216.0,2.0,1048576.0,0.0,0.022542
0.0957,7.0,1.0,1.0,0.013219999999999999,0.9990000000000001,0.9990000000000001,423625371.0,3.6,0.0,bad,118.0,16777216.0,2.0,1048576.0,2.0,0.023460306
0.0957,7.0,1.0,1.0,0.013219999999999999,0.9990000000000001,0.9990000000000001,423625371.0,3.6,0.0,bad,118.0,16777216.0,2.0,1048576.0,3.0,1.047170535
0.0957,7.0,1.0,1.0,0.013219999999999999,0.9990000000000001,0.9990000000000001,423625371.0,3.6,0.0,bad,118.0,16777216.0,2.0,1048576.0,4.0,0.17463199999999998
0.0957,7.0,1.0,1.0,0.013219999999999999,0.9990000000000001,0.9990000000000001,423625371.0,3.6,0.0,bad,120.0,16777216.0,2.0,1048576.0,1.0,0.309
0.0957,7.0,1.0,1.0,0.013219999999999999,0.9990000000000001,0.9990000000000001,423625371.0,3.6,0.0,bad,120.0,16777216.0,2.0,1048576.0,0.0,0.021816
0.0957,7.0,1.0,1.0,0.013219999999999999,0.9990000000000001,0.9990000000000001,423625371.0,3.6,0.0,bad,120.0,16777216.0,2.0,1048576.0,2.0,0.024177813
0.0957,7.0,1.0,1.0,0.013219999999999999,0.9990000000000001,0.9990000000000001,423625371.0,3.6,0.0,bad,120.0,16777216.0,2.0,1048576.0,3.0,0.841840975
0.0957,7.0,1.0,1.0,0.013219999999999999,0.9990000000000001,0.9990000000000001,423625371.0,3.6,0.0,bad,120.0,16777216.0,2.0,1048576.0,4.0,0.16366340000000001
0.0957,7.0,1.0,1.0,0.013219999999999999,0.9990000000000001,0.9990000000000001,423625371.0,3.6,0.0,bad,122.0,16777216.0,2.0,1048576.0,1.0,0.311
0.0957,7.0,1.0,1.0,0.013219999999999999,0.9990000000000001,0.9990000000000001,423625371.0,3.6,0.0,bad,122.0,16777216.0,2.0,1048576.0,0.0,0.02277
0.0957,7.0,1.0,1.0,0.013219999999999999,0.9990000000000001,0.9990000000000001,423625371.0,3.6,0.0,bad,122.0,16777216.0,2.0,1048576.0,2.0,0.023340273999999998
0.0957,7.0,1.0,1.0,0.013219999999999999,0.9990000000000001,0.9990000000000001,423625371.0,3.6,0.0,bad,122.0,16777216.0,2.0,1048576.0,3.0,0.912740914
0.0957,7.0,1.0,1.0,0.013219999999999999,0.9990000000000001,0.9990000000000001,423625371.0,3.6,0.0,bad,122.0,16777216.0,2.0,1048576.0,4.0,0.1570808
0.0957,7.0,1.0,1.0,0.013219999999999999,0.9990000000000001,0.9990000000000001,423625371.0,3.6,0.0,bad,124.0,16777216.0,2.0,1048576.0,1.0,0.311
0.0957,7.0,1.0,1.0,0.013219999999999999,0.9990000000000001,0.9990000000000001,423625371.0,3.6,0.0,bad,124.0,16777216.0,2.0,1048576.0,0.0,0.0334
0.0957,7.0,1.0,1.0,0.013219999999999999,0.9990000000000001,0.9990000000000001,423625371.0,3.6,0.0,bad,124.0,16777216.0,2.0,1048576.0,2.0,0.035716392
0.0957,7.0,1.0,1.0,0.013219999999999999,0.9990000000000001,0.9990000000000001,423625371.0,3.6,0.0,bad,124.0,16777216.0,2.0,1048576.0,3.0,0.905247012
0.0957,7.0,1.0,1.0,0.013219999999999999,0.9990000000000001,0.9990000000000001,423625371.0,3.6,0.0,bad,124.0,16777216.0,2.0,1048576.0,4.0,0.151266
0.0957,7.0,1.0,1.0,0.013219999999999999,0.9990000000000001,0.9990000000000001,423625371.0,3.6,0.0,bad,126.0,16777216.0,2.0,1048576.0,1.0,0.324
0.0957,7.0,1.0,1.0,0.013219999999999999,0.9990000000000001,0.9990000000000001,423625371.0,3.6,0.0,bad,126.0,16777216.0,2.0,1048576.0,0.0,0.021064
0.0957,7.0,1.0,1.0,0.013219999999999999,0.9990000000000001,0.9990000000000001,423625371.0,3.6,0.0,bad,126.0,16777216.0,2.0,1048576.0,2.0,0.023150757
0.0957,7.0,1.0,1.0,0.013219999999999999,0.9990000000000001,0.9990000000000001,423625371.0,3.6,0.0,bad,126.0,16777216.0,2.0,1048576.0,3.0,1.191871444
0.0957,7.0,1.0,1.0,0.013219999999999999,0.9990000000000001,0.9990000000000001,423625371.0,3.6,0.0,bad,126.0,16777216.0,2.0,1048576.0,4.0,0.18685320000000002
0.0957,7.0,1.0,1.0,0.013219999999999999,0.9990000000000001,0.9990000000000001,423625371.0,3.6,0.0,bad,128.0,16777216.0,2.0,1048576.0,1.0,0.32299999999999995
0.0957,7.0,1.0,1.0,0.013219999999999999,0.9990000000000001,0.9990000000000001,423625371.0,3.6,0.0,bad,128.0,16777216.0,2.0,1048576.0,0.0,0.024475999999999998
0.0957,7.0,1.0,1.0,0.013219999999999999,0.9990000000000001,0.9990000000000001,423625371.0,3.6,0.0,bad,128.0,16777216.0,2.0,1048576.0,2.0,0.02391171
0.0957,7.0,1.0,1.0,0.013219999999999999,0.9990000000000001,0.9990000000000001,423625371.0,3.6,0.0,bad,128.0,16777216.0,2.0,1048576.0,3.0,0.857779582
0.0957,7.0,1.0,1.0,0.013219999999999999,0.9990000000000001,0.9990000000000001,423625371.0,3.6,0.0,bad,128.0,16777216.0,2.0,1048576.0,4.0,0.20621820000000002
0.0957,7.0,1.0,1.0,0.013219999999999999,0.9990000000000001,0.9990000000000001,423625371.0,3.6,0.0,bad,130.0,16777216.0,2.0,1048576.0,1.0,0.32299999999999995
0.0957,7.0,1.0,1.0,0.013219999999999999,0.9990000000000001,0.9990000000000001,423625371.0,3.6,0.0,bad,130.0,16777216.0,2.0,1048576.0,0.0,0.02146
0.0957,7.0,1.0,1.0,0.013219999999999999,0.9990000000000001,0.9990000000000001,423625371.0,3.6,0.0,bad,130.0,16777216.0,2.0,1048576.0,2.0,0.023191623999999997
0.0957,7.0,1.0,1.0,0.013219999999999999,0.9990000000000001,0.9990000000000001,423625371.0,3.6,0.0,bad,130.0,16777216.0,2.0,1048576.0,3.0,1.154911727
0.0957,7.0,1.0,1.0,0.013219999999999999,0.9990000000000001,0.9990000000000001,423625371.0,3.6,0.0,bad,130.0,16777216.0,2.0,1048576.0,4.0,0.1530116
0.0957,7.0,1.0,1.0,0.013219999999999999,0.9990000000000001,0.9990000000000001,423625371.0,3.6,0.0,bad,132.0,16777216.0,2.0,1048576.0,1.0,0.327
0.0957,7.0,1.0,1.0,0.013219999999999999,0.9990000000000001,0.9990000000000001,423625371.0,3.6,0.0,bad,132.0,16777216.0,2.0,1048576.0,0.0,0.022213999999999998
0.0957,7.0,1.0,1.0,0.013219999999999999,0.9990000000000001,0.9990000000000001,423625371.0,3.6,0.0,bad,132.0,16777216.0,2.0,1048576.0,2.0,0.02392179
0.0957,7.0,1.0,1.0,0.013219999999999999,0.9990000000000001,0.9990000000000001,423625371.0,3.6,0.0,bad,132.0,16777216.0,2.0,1048576.0,3.0,0.853440819
0.0957,7.0,1.0,1.0,0.013219999999999999,0.9990000000000001,0.9990000000000001,423625371.0,3.6,0.0,bad,132.0,16777216.0,2.0,1048576.0,4.0,0.1602188
0.0957,7.0,1.0,1.0,0.013219999999999999,0.9990000000000001,0.9990000000000001,423625371.0,3.6,0.0,bad,134.0,16777216.0,2.0,1048576.0,1.0,0.32299999999999995
0.0957,7.0,1.0,1.0,0.013219999999999999,0.9990000000000001,0.9990000000000001,423625371.0,3.6,0.0,bad,134.0,16777216.0,2.0,1048576.0,0.0,0.022525999999999997
0.0957,7.0,1.0,1.0,0.013219999999999999,0.9990000000000001,0.9990000000000001,423625371.0,3.6,0.0,bad,134.0,16777216.0,2.0,1048576.0,2.0,0.024219501
0.0957,7.0,1.0,1.0,0.013219999999999999,0.9990000000000001,0.9990000000000001,423625371.0,3.6,0.0,bad,134.0,16777216.0,2.0,1048576.0,3.0,1.010813632
0.0957,7.0,1.0,1.0,0.013219999999999999,0.9990000000000001,0.9990000000000001,423625371.0,3.6,0.0,bad,134.0,16777216.0,2.0,1048576.0,4.0,0.160233
0.0957,7.0,1.0,1.0,0.013219999999999999,0.9990000000000001,0.9990000000000001,423625371.0,3.6,0.0,bad,136.0,16777216.0,2.0,1048576.0,1.0,0.324
0.0957,7.0,1.0,1.0,0.013219999999999999,0.9990000000000001,0.9990000000000001,423625371.0,3.6,0.0,bad,136.0,16777216.0,2.0,1048576.0,0.0,0.03622
0.0957,7.0,1.0,1.0,0.013219999999999999,0.9990000000000001,0.9990000000000001,423625371.0,3.6,0.0,bad,136.0,16777216.0,2.0,1048576.0,2.0,0.024387403999999998
0.0957,7.0,1.0,1.0,0.013219999999999999,0.9990000000000001,0.9990000000000001,423625371.0,3.6,0.0,bad,136.0,16777216.0,2.0,1048576.0,3.0,1.016831918
0.0957,7.0,1.0,1.0,0.013219999999999999,0.9990000000000001,0.9990000000000001,423625371.0,3.6,0.0,bad,136.0,16777216.0,2.0,1048576.0,4.0,0.1524896
0.0957,7.0,1.0,1.0,0.013219999999999999,0.9990000000000001,0.9990000000000001,423625371.0,3.6,0.0,bad,138.0,16777216.0,2.0,1048576.0,1.0,0.326
0.0957,7.0,1.0,1.0,0.013219999999999999,0.9990000000000001,0.9990000000000001,423625371.0,3.6,0.0,bad,138.0,16777216.0,2.0,1048576.0,0.0,0.022496000000000002
0.0957,7.0,1.0,1.0,0.013219999999999999,0.9990000000000001,0.9990000000000001,423625371.0,3.6,0.0,bad,138.0,16777216.0,2.0,1048576.0,2.0,0.023336762
0.0957,7.0,1.0,1.0,0.013219999999999999,0.9990000000000001,0.9990000000000001,423625371.0,3.6,0.0,bad,138.0,16777216.0,2.0,1048576.0,3.0,1.044702392
0.0957,7.0,1.0,1.0,0.013219999999999999,0.9990000000000001,0.9990000000000001,423625371.0,3.6,0.0,bad,138.0,16777216.0,2.0,1048576.0,4.0,0.17460499999999998
0.0957,7.0,1.0,1.0,0.013219999999999999,0.9990000000000001,0.9990000000000001,423625371.0,3.6,0.0,bad,140.0,16777216.0,2.0,1048576.0,1.0,0.322
0.0957,7.0,1.0,1.0,0.013219999999999999,0.9990000000000001,0.9990000000000001,423625371.0,3.6,0.0,bad,140.0,16777216.0,2.0,1048576.0,0.0,0.026577999999999997
0.0957,7.0,1.0,1.0,0.013219999999999999,0.9990000000000001,0.9990000000000001,423625371.0,3.6,0.0,bad,140.0,16777216.0,2.0,1048576.0,2.0,0.024175797000000002
0.0957,7.0,1.0,1.0,0.013219999999999999,0.9990000000000001,0.9990000000000001,423625371.0,3.6,0.0,bad,140.0,16777216.0,2.0,1048576.0,3.0,1.034006347
0.0957,7.0,1.0,1.0,0.013219999999999999,0.9990000000000001,0.9990000000000001,423625371.0,3.6,0.0,bad,140.0,16777216.0,2.0,1048576.0,4.0,0.1572758
0.0957,7.0,1.0,1.0,0.013219999999999999,0.9990000000000001,0.9990000000000001,423625371.0,3.6,0.0,bad,142.0,16777216.0,2.0,1048576.0,1.0,0.322
0.0957,7.0,1.0,1.0,0.013219999999999999,0.9990000000000001,0.9990000000000001,423625371.0,3.6,0.0,bad,142.0,16777216.0,2.0,1048576.0,0.0,0.021782
0.0957,7.0,1.0,1.0,0.013219999999999999,0.9990000000000001,0.9990000000000001,423625371.0,3.6,0.0,bad,142.0,16777216.0,2.0,1048576.0,2.0,0.023508435
0.0957,7.0,1.0,1.0,0.013219999999999999,0.9990000000000001,0.9990000000000001,423625371.0,3.6,0.0,bad,142.0,16777216.0,2.0,1048576.0,3.0,0.846786965
0.0957,7.0,1.0,1.0,0.013219999999999999,0.9990000000000001,0.9990000000000001,423625371.0,3.6,0.0,bad,142.0,16777216.0,2.0,1048576.0,4.0,0.15239560000000002
0.0957,7.0,1.0,1.0,0.013219999999999999,0.9990000000000001,0.9990000000000001,423625371.0,3.6,0.0,bad,144.0,16777216.0,2.0,1048576.0,1.0,0.32299999999999995
0.0957,7.0,1.0,1.0,0.013219999999999999,0.9990000000000001,0.9990000000000001,423625371.0,3.6,0.0,bad,144.0,16777216.0,2.0,1048576.0,0.0,0.037882
0.0957,7.0,1.0,1.0,0.013219999999999999,0.9990000000000001,0.9990000000000001,423625371.0,3.6,0.0,bad,144.0,16777216.0,2.0,1048576.0,2.0,0.023683713999999998
0.0957,7.0,1.0,1.0,0.013219999999999999,0.9990000000000001,0.9990000000000001,423625371.0,3.6,0.0,bad,144.0,16777216.0,2.0,1048576.0,3.0,0.882977772
0.0957,7.0,1.0,1.0,0.013219999999999999,0.9990000000000001,0.9990000000000001,423625371.0,3.6,0.0,bad,144.0,16777216.0,2.0,1048576.0,4.0,0.1571586
0.0957,7.0,1.0,1.0,0.013219999999999999,0.9990000000000001,0.9990000000000001,423625371.0,3.6,0.0,bad,146.0,16777216.0,2.0,1048576.0,1.0,0.31
0.0957,7.0,1.0,1.0,0.013219999999999999,0.9990000000000001,0.9990000000000001,423625371.0,3.6,0.0,bad,146.0,16777216.0,2.0,1048576.0,0.0,0.023144
0.0957,7.0,1.0,1.0,0.013219999999999999,0.9990000000000001,0.9990000000000001,423625371.0,3.6,0.0,bad,146.0,16777216.0,2.0,1048576.0,2.0,0.022945507999999996
0.0957,7.0,1.0,1.0,0.013219999999999999,0.9990000000000001,0.9990000000000001,423625371.0,3.6,0.0,bad,146.0,16777216.0,2.0,1048576.0,3.0,0.810565868
0.0957,7.0,1.0,1.0,0.013219999999999999,0.9990000000000001,0.9990000000000001,423625371.0,3.6,0.0,bad,146.0,16777216.0,2.0,1048576.0,4.0,0.17700760000000001
0.0957,7.0,1.0,1.0,0.013219999999999999,0.9990000000000001,0.9990000000000001,423625371.0,3.6,0.0,bad,148.0,16777216.0,2.0,1048576.0,1.0,0.32899999999999996
0.0957,7.0,1.0,1.0,0.013219999999999999,0.9990000000000001,0.9990000000000001,423625371.0,3.6,0.0,bad,148.0,16777216.0,2.0,1048576.0,0.0,0.021856
0.0957,7.0,1.0,1.0,0.013219999999999999,0.9990000000000001,0.9990000000000001,423625371.0,3.6,0.0,bad,148.0,16777216.0,2.0,1048576.0,2.0,0.023440972
0.0957,7.0,1.0,1.0,0.013219999999999999,0.9990000000000001,0.9990000000000001,423625371.0,3.6,0.0,bad,148.0,16777216.0,2.0,1048576.0,3.0,0.9889576290000001
0.0957,7.0,1.0,1.0,0.013219999999999999,0.9990000000000001,0.9990000000000001,423625371.0,3.6,0.0,bad,148.0,16777216.0,2.0,1048576.0,4.0,0.2002958
0.0957,7.0,1.0,1.0,0.013219999999999999,0.9990000000000001,0.9990000000000001,423625371.0,3.6,0.0,bad,150.0,16777216.0,2.0,1048576.0,1.0,0.322
0.0957,7.0,1.0,1.0,0.013219999999999999,0.9990000000000001,0.9990000000000001,423625371.0,3.6,0.0,bad,150.0,16777216.0,2.0,1048576.0,0.0,0.033388
0.0957,7.0,1.0,1.0,0.013219999999999999,0.9990000000000001,0.9990000000000001,423625371.0,3.6,0.0,bad,150.0,16777216.0,2.0,1048576.0,2.0,0.024292519
0.0957,7.0,1.0,1.0,0.013219999999999999,0.9990000000000001,0.9990000000000001,423625371.0,3.6,0.0,bad,150.0,16777216.0,2.0,1048576.0,3.0,0.999473963
0.0957,7.0,1.0,1.0,0.013219999999999999,0.9990000000000001,0.9990000000000001,423625371.0,3.6,0.0,bad,150.0,16777216.0,2.0,1048576.0,4.0,0.153612
0.0957,7.0,1.0,1.0,0.013219999999999999,0.9990000000000001,0.9990000000000001,423625371.0,3.6,0.0,bad,152.0,16777216.0,2.0,1048576.0,1.0,0.324
0.0957,7.0,1.0,1.0,0.013219999999999999,0.9990000000000001,0.9990000000000001,423625371.0,3.6,0.0,bad,152.0,16777216.0,2.0,1048576.0,0.0,0.022956
0.0957,7.0,1.0,1.0,0.013219999999999999,0.9990000000000001,0.9990000000000001,423625371.0,3.6,0.0,bad,152.0,16777216.0,2.0,1048576.0,2.0,0.023413475
0.0957,7.0,1.0,1.0,0.013219999999999999,0.9990000000000001,0.9990000000000001,423625371.0,3.6,0.0,bad,152.0,16777216.0,2.0,1048576.0,3.0,0.803383677
0.0957,7.0,1.0,1.0,0.013219999999999999,0.9990000000000001,0.9990000000000001,423625371.0,3.6,0.0,bad,152.0,16777216.0,2.0,1048576.0,4.0,0.1806154
0.0957,7.0,1.0,1.0,0.013219999999999999,0.9990000000000001,0.9990000000000001,423625371.0,3.6,0.0,bad,154.0,16777216.0,2.0,1048576.0,1.0,0.327
0.0957,7.0,1.0,1.0,0.013219999999999999,0.9990000000000001,0.9990000000000001,423625371.0,3.6,0.0,bad,154.0,16777216.0,2.0,1048576.0,0.0,0.034763999999999996
0.0957,7.0,1.0,1.0,0.013219999999999999,0.9990000000000001,0.9990000000000001,423625371.0,3.6,0.0,bad,154.0,16777216.0,2.0,1048576.0,2.0,0.023914459
0.0957,7.0,1.0,1.0,0.013219999999999999,0.9990000000000001,0.9990000000000001,423625371.0,3.6,0.0,bad,154.0,16777216.0,2.0,1048576.0,3.0,0.932275582
0.0957,7.0,1.0,1.0,0.013219999999999999,0.9990000000000001,0.9990000000000001,423625371.0,3.6,0.0,bad,154.0,16777216.0,2.0,1048576.0,4.0,0.1681156
0.0957,7.0,1.0,1.0,0.013219999999999999,0.9990000000000001,0.9990000000000001,423625371.0,3.6,0.0,bad,156.0,16777216.0,2.0,1048576.0,1.0,0.309
0.0957,7.0,1.0,1.0,0.013219999999999999,0.9990000000000001,0.9990000000000001,423625371.0,3.6,0.0,bad,156.0,16777216.0,2.0,1048576.0,0.0,0.02737
0.0957,7.0,1.0,1.0,0.013219999999999999,0.9990000000000001,0.9990000000000001,423625371.0,3.6,0.0,bad,156.0,16777216.0,2.0,1048576.0,2.0,0.023025836
0.0957,7.0,1.0,1.0,0.013219999999999999,0.9990000000000001,0.9990000000000001,423625371.0,3.6,0.0,bad,156.0,16777216.0,2.0,1048576.0,3.0,1.04914982
0.0957,7.0,1.0,1.0,0.013219999999999999,0.9990000000000001,0.9990000000000001,423625371.0,3.6,0.0,bad,156.0,16777216.0,2.0,1048576.0,4.0,0.15339679999999997
0.0957,7.0,1.0,1.0,0.013219999999999999,0.9990000000000001,0.9990000000000001,423625371.0,3.6,0.0,bad,158.0,16777216.0,2.0,1048576.0,1.0,0.309
0.0957,7.0,1.0,1.0,0.013219999999999999,0.9990000000000001,0.9990000000000001,423625371.0,3.6,0.0,bad,158.0,16777216.0,2.0,1048576.0,0.0,0.033218
0.0957,7.0,1.0,1.0,0.013219999999999999,0.9990000000000001,0.9990000000000001,423625371.0,3.6,0.0,bad,158.0,16777216.0,2.0,1048576.0,2.0,0.023360297999999998
0.0957,7.0,1.0,1.0,0.013219999999999999,0.9990000000000001,0.9990000000000001,423625371.0,3.6,0.0,bad,158.0,16777216.0,2.0,1048576.0,3.0,1.0870941090000001
0.0957,7.0,1.0,1.0,0.013219999999999999,0.9990000000000001,0.9990000000000001,423625371.0,3.6,0.0,bad,158.0,16777216.0,2.0,1048576.0,4.0,0.160329
0.0957,7.0,1.0,1.0,0.013219999999999999,0.9990000000000001,0.9990000000000001,423625371.0,3.6,0.0,bad,160.0,16777216.0,2.0,1048576.0,1.0,0.32799999999999996
0.0957,7.0,1.0,1.0,0.013219999999999999,0.9990000000000001,0.9990000000000001,423625371.0,3.6,0.0,bad,160.0,16777216.0,2.0,1048576.0,0.0,0.024308
0.0957,7.0,1.0,1.0,0.013219999999999999,0.9990000000000001,0.9990000000000001,423625371.0,3.6,0.0,bad,160.0,16777216.0,2.0,1048576.0,2.0,0.023422435
0.0957,7.0,1.0,1.0,0.013219999999999999,0.9990000000000001,0.9990000000000001,423625371.0,3.6,0.0,bad,160.0,16777216.0,2.0,1048576.0,3.0,1.017170822
0.0957,7.0,1.0,1.0,0.013219999999999999,0.9990000000000001,0.9990000000000001,423625371.0,3.6,0.0,bad,160.0,16777216.0,2.0,1048576.0,4.0,0.18548699999999999
0.0957,7.0,1.0,1.0,0.013219999999999999,0.9990000000000001,0.9990000000000001,423625371.0,3.6,0.0,bad,162.0,16777216.0,2.0,1048576.0,1.0,0.32299999999999995
0.0957,7.0,1.0,1.0,0.013219999999999999,0.9990000000000001,0.9990000000000001,423625371.0,3.6,0.0,bad,162.0,16777216.0,2.0,1048576.0,0.0,0.029627999999999998
0.0957,7.0,1.0,1.0,0.013219999999999999,0.9990000000000001,0.9990000000000001,423625371.0,3.6,0.0,bad,162.0,16777216.0,2.0,1048576.0,2.0,0.02241584
0.0957,7.0,1.0,1.0,0.013219999999999999,0.9990000000000001,0.9990000000000001,423625371.0,3.6,0.0,bad,162.0,16777216.0,2.0,1048576.0,3.0,1.01240982
0.0957,7.0,1.0,1.0,0.013219999999999999,0.9990000000000001,0.9990000000000001,423625371.0,3.6,0.0,bad,162.0,16777216.0,2.0,1048576.0,4.0,0.1533658
0.0957,7.0,1.0,1.0,0.013219999999999999,0.9990000000000001,0.9990000000000001,423625371.0,3.6,0.0,bad,164.0,16777216.0,2.0,1048576.0,1.0,0.32299999999999995
0.0957,7.0,1.0,1.0,0.013219999999999999,0.9990000000000001,0.9990000000000001,423625371.0,3.6,0.0,bad,164.0,16777216.0,2.0,1048576.0,0.0,0.021762
0.0957,7.0,1.0,1.0,0.013219999999999999,0.9990000000000001,0.9990000000000001,423625371.0,3.6,0.0,bad,164.0,16777216.0,2.0,1048576.0,2.0,0.023193402999999998
0.0957,7.0,1.0,1.0,0.013219999999999999,0.9990000000000001,0.9990000000000001,423625371.0,3.6,0.0,bad,164.0,16777216.0,2.0,1048576.0,3.0,1.1054752509999999
0.0957,7.0,1.0,1.0,0.013219999999999999,0.9990000000000001,0.9990000000000001,423625371.0,3.6,0.0,bad,164.0,16777216.0,2.0,1048576.0,4.0,0.16153199999999998
0.0957,7.0,1.0,1.0,0.013219999999999999,0.9990000000000001,0.9990000000000001,423625371.0,3.6,0.0,bad,166.0,16777216.0,2.0,1048576.0,1.0,0.311
0.0957,7.0,1.0,1.0,0.013219999999999999,0.9990000000000001,0.9990000000000001,423625371.0,3.6,0.0,bad,166.0,16777216.0,2.0,1048576.0,0.0,0.021788
0.0957,7.0,1.0,1.0,0.013219999999999999,0.9990000000000001,0.9990000000000001,423625371.0,3.6,0.0,bad,166.0,16777216.0,2.0,1048576.0,2.0,0.023109372000000003
0.0957,7.0,1.0,1.0,0.013219999999999999,0.9990000000000001,0.9990000000000001,423625371.0,3.6,0.0,bad,166.0,16777216.0,2.0,1048576.0,3.0,0.876077531
0.0957,7.0,1.0,1.0,0.013219999999999999,0.9990000000000001,0.9990000000000001,423625371.0,3.6,0.0,bad,166.0,16777216.0,2.0,1048576.0,4.0,0.1516192
